"CHR","BP","end_pos","effect_allele","other_allele","strand","uni_id","SNP","effect_size","standard_error","P","effect_allele_freq","number_of_samples","imputation_info","het_i_square","het_pvalue","het_chi_square","het_df","source_row_idx","analysis_type","analysis_id","map_info","ensembl_vep","sift","polyphen","clin_var","ld_clump_080","ld_clump_050","ld_clump_001","sojo_indep","pval","id"
1,6202171,6202171,"A","T","+","1_6202171_A_T","rs10864434",-0.0332848,0.00490963,10.9186,0.40212,78078,NA,NA,NA,NA,0,21715241,"trait",1.503792964883e-314,1,0,0,0,0,1,1,1,1,1.2061463307641e-11,"PApI0u"
1,16014266,16014266,"C","T","+","1_16014266_C_T","rs1048334",0.0510727,0.00479351,25.7797,0.408449,78078,NA,NA,NA,NA,0,21938549,"trait",1.503792964883e-314,0,0,0,0,0,1,1,1,1,1.66073370550406e-26,"PApI0u"
1,16629973,16629973,"A","T","+","1_16629973_A_T","rs1762951",-0.0357509,0.00637511,7.68864,0.446882,78078,NA,NA,NA,NA,0,21952645,"trait",1.503792964883e-314,1,0,0,0,0,1,1,1,1,2.04814170065073e-08,"PApI0u"
1,214111878,214111878,"C","T","+","1_214111878_C_T","rs74139614",0.0642112,0.0113073,7.86743,0.04574,78078,NA,NA,NA,NA,0,25583022,"trait",1.503792964883e-314,1,0,0,0,0,1,1,1,1,1.35696923027274e-08,"PApI0u"
1,236688982,236688982,"A","T","+","1_236688982_A_T","rs12724121",-0.0380771,0.00490343,14.0894,0.620508,78078,NA,NA,NA,NA,0,26068709,"trait",1.503792964883e-314,1,0,0,0,0,1,1,1,1,8.13954259097269e-15,"PApI0u"
10,68173481,68173481,"A","C","+","10_68173481_A_C","rs4451608",0.0278225,0.00474992,8.3279,0.480778,78078,NA,NA,NA,NA,0,1519651,"trait",1.503792964883e-314,0,0,0,0,0,1,1,1,1,4.70002318179801e-09,"PApI0u"
10,75075163,75075163,"A","C","+","10_75075163_A_C","rs4745763",-0.0315858,0.00534653,8.45985,0.270125,78078,NA,NA,NA,NA,0,1665506,"trait",1.503792964883e-314,1,0,0,0,0,1,1,1,1,3.46856629801959e-09,"PApI0u"
10,86690301,86690301,"A","C","+","10_86690301_A_C","rs12251655",-0.0502457,0.0087941,7.95614,0.920677,78078,NA,NA,NA,NA,0,1925054,"trait",1.503792964883e-314,0,0,0,0,0,1,1,1,1,1.10626710811012e-08,"PApI0u"
10,119656173,119656173,"A","G","+","10_119656173_A_G","rs72840788",-0.0948256,0.00580475,59.2608,0.78545,78078,NA,NA,NA,NA,0,2623664,"trait",1.503792964883e-314,0,0,0,0,0,1,1,1,1,5.48529513941199e-60,"PApI0u"
11,14057811,14057811,"A","G","+","11_14057811_A_G","rs2697821",-0.0268609,0.00474052,7.8357,0.515976,78078,NA,NA,NA,NA,0,3318553,"trait",1.503792964883e-314,0,0,0,0,0,1,1,1,1,1.45982232159806e-08,"PApI0u"
11,101072061,101072061,"G","T","+","11_101072061_G_T","rs658286",-0.0295696,0.00474799,9.32514,0.500128,78078,NA,NA,NA,NA,0,5192501,"trait",1.503792964883e-314,0,0,0,0,0,1,1,1,1,4.72998757598131e-10,"PApI0u"
12,26147358,26147358,"C","T","+","12_26147358_C_T","rs111504524",-0.0510975,0.00839974,8.92891,0.088608,78078,NA,NA,NA,NA,0,6559277,"trait",1.503792964883e-314,1,0,0,0,0,1,1,1,1,1.17785003722532e-09,"PApI0u"
12,120230731,120230731,"A","G","+","12_120230731_A_G","rs116904997",0.106489,0.015761,10.8497,0.977001,78078,NA,NA,NA,NA,0,8523333,"trait",1.503792964883e-314,0,0,0,0,0,1,1,1,1,1.41351362807929e-11,"PApI0u"
14,52920391,52920391,"G","T","+","14_52920391_G_T","rs4901313",0.0381618,0.00606381,9.50771,0.187361,78078,NA,NA,NA,NA,0,11747081,"trait",1.503792964883e-314,0,0,0,0,0,1,1,1,1,3.10663334909001e-10,"PApI0u"
14,89418647,89418647,"A","G","+","14_89418647_A_G","rs12888084",0.0289712,0.00474897,8.97581,0.536521,78078,NA,NA,NA,NA,0,12540813,"trait",1.503792964883e-314,1,0,0,0,0,1,1,1,1,1.05727995869118e-09,"PApI0u"
16,937371,937371,"A","G","+","16_937371_A_G","rs5015437",-0.0307352,0.00487025,9.55661,0.618855,78078,NA,NA,NA,NA,0,14792050,"trait",1.503792964883e-314,0,0,0,0,0,1,1,1,1,2.77581168737237e-10,"PApI0u"
16,1303514,1303514,"C","T","+","16_1303514_C_T","rs11248864",-0.0418076,0.00695865,8.72626,0.1352,78078,NA,NA,NA,NA,0,14805347,"trait",1.503792964883e-314,0,0,0,0,0,1,1,1,1,1.87819205892674e-09,"PApI0u"
17,55299581,55299581,"C","T","+","17_55299581_C_T","rs17817857",0.0424278,0.00532986,14.7658,0.27041,78078,NA,NA,NA,NA,0,17843772,"trait",1.503792964883e-314,1,0,0,0,0,1,1,1,1,1.71474679579013e-15,"PApI0u"
17,66310896,66310896,"A","G","+","17_66310896_A_G","rs7210446",-0.038855,0.00479078,15.297,0.419671,78078,NA,NA,NA,NA,0,18068624,"trait",1.503792964883e-314,0,0,0,0,0,1,1,1,1,5.04661297563528e-16,"PApI0u"
18,36639271,36639271,"G","T","+","18_36639271_G_T","rs2644260",0.0390431,0.00539031,12.3583,0.265323,78078,NA,NA,NA,NA,0,19187556,"trait",1.503792964883e-314,1,0,0,0,0,1,1,1,1,4.38227876103672e-13,"PApI0u"
18,58270525,58270525,"C","T","+","18_58270525_C_T","rs12604734",0.0395507,0.00575183,11.2113,0.783012,78078,NA,NA,NA,NA,0,19655866,"trait",1.503792964883e-314,0,0,0,0,0,1,1,1,1,6.14752070319312e-12,"PApI0u"
19,45807254,45807254,"A","C","+","19_45807254_A_C","rs12462616",0.0329964,0.00585772,7.75174,0.201255,78078,NA,NA,NA,NA,0,21232798,"trait",1.503792964883e-314,0,0,0,0,0,1,1,1,1,1.77116899048172e-08,"PApI0u"
2,70085174,70085174,"C","T","+","2_70085174_C_T","rs62151166",0.0382872,0.00601339,9.71492,0.803753,78078,NA,NA,NA,NA,0,31052017,"trait",1.503792964883e-314,0,0,0,0,0,1,1,1,1,1.927880009106e-10,"PApI0u"
2,96093689,96093689,"C","T","+","2_96093689_C_T","rs2579547",-0.0265107,0.0048277,7.39921,0.576952,78078,NA,NA,NA,NA,0,31518027,"trait",1.503792964883e-314,0,0,0,0,0,1,1,1,1,3.98832003357068e-08,"PApI0u"
2,102762101,102762101,"C","T","+","2_102762101_C_T","rs2732839",0.0630708,0.00975314,9.99932,0.935597,78078,NA,NA,NA,NA,0,31650234,"trait",1.503792964883e-314,0,0,0,0,0,1,1,1,1,1.0015669843021e-10,"PApI0u"
2,178693555,178693555,"A","T","+","2_178693555_A_T","rs2255167",-0.0701998,0.00596785,31.2179,0.80678,78078,NA,NA,NA,NA,0,33237814,"trait",1.503792964883e-314,0,0,0,0,0,1,1,1,1,6.05480275689862e-32,"PApI0u"
20,34912575,34912575,"A","G","+","20_34912575_A_G","rs2378294",-0.0324443,0.00486071,10.6063,0.37755,78078,NA,NA,NA,NA,0,27039753,"trait",1.503792964883e-314,0,0,0,0,0,1,1,1,1,2.47571130604429e-11,"PApI0u"
22,23834100,23834100,"A","G","+","22_23834100_A_G","rs5030613",-0.0578319,0.00694279,16.0915,0.865536,78078,NA,NA,NA,NA,0,28736500,"trait",1.503792964883e-314,0,0,0,0,0,1,1,1,1,8.10027941680351e-17,"PApI0u"
3,14256355,14256355,"A","G","+","3_14256355_A_G","rs62231957",0.0460184,0.00574564,14.9379,0.784528,78078,NA,NA,NA,NA,0,34995230,"trait",1.503792964883e-314,0,0,0,0,0,1,1,1,1,1.15371888082859e-15,"PApI0u"
3,53458929,53458929,"G","T","+","3_53458929_G_T","rs534958",0.0273329,0.00488585,7.65462,0.38013,78078,NA,NA,NA,NA,0,35837710,"trait",1.503792964883e-314,0,0,0,0,0,1,1,1,1,2.21503197579622e-08,"PApI0u"
3,73524206,73524206,"C","T","+","3_73524206_C_T","rs11711610",0.0349413,0.00504857,11.3484,0.334965,78078,NA,NA,NA,NA,0,36306017,"trait",1.503792964883e-314,1,0,0,0,0,1,1,1,1,4.48332270432733e-12,"PApI0u"
3,111916272,111916272,"A","T","+","3_111916272_A_T","rs1282945",0.0319872,0.00516956,9.2141,0.704284,78078,NA,NA,NA,NA,0,37077026,"trait",1.503792964883e-314,1,0,0,0,0,1,1,1,1,6.10801366500168e-10,"PApI0u"
3,134684207,134684207,"C","T","+","3_134684207_C_T","rs17694541",-0.0531207,0.00905808,8.34618,0.925552,78078,NA,NA,NA,NA,0,37562270,"trait",1.503792964883e-314,0,0,0,0,0,1,1,1,1,4.50629895368856e-09,"PApI0u"
3,158602808,158602808,"C","T","+","3_158602808_C_T","rs4875",0.0355581,0.00473206,13.2424,0.473347,78078,NA,NA,NA,NA,0,38063490,"trait",1.503792964883e-314,0,0,0,0,0,1,1,1,1,5.72268709222843e-14,"PApI0u"
4,16035461,16035461,"C","G","+","4_16035461_C_G","rs2292804",-0.042898,0.00568845,13.332,0.779347,78078,NA,NA,NA,NA,0,39382969,"trait",1.503792964883e-314,1,0,0,0,0,1,1,1,1,4.65586093522958e-14,"PApI0u"
4,102955903,102955903,"A","G","+","4_102955903_A_G","rs4235408",-0.0288076,0.00480804,8.68223,0.527151,78078,NA,NA,NA,NA,0,41286364,"trait",1.503792964883e-314,0,0,0,0,0,1,1,1,1,2.07859558262328e-09,"PApI0u"
5,133108436,133108436,"A","G","+","5_133108436_A_G","rs72801474",-0.0451326,0.00818561,7.45411,0.909046,78078,NA,NA,NA,NA,0,46089106,"trait",1.503792964883e-314,0,0,0,0,0,1,1,1,1,3.51471407042908e-08,"PApI0u"
5,139419052,139419052,"C","T","+","5_139419052_C_T","rs4835728",0.0318522,0.00519082,9.07317,0.297406,78078,NA,NA,NA,NA,0,46217726,"trait",1.503792964883e-314,0,0,0,0,0,1,1,1,1,8.44948034411098e-10,"PApI0u"
5,144127860,144127860,"A","G","+","5_144127860_A_G","rs12521291",0.0342556,0.00501133,11.088,0.335733,78078,NA,NA,NA,NA,0,46313981,"trait",1.503792964883e-314,0,0,0,0,0,1,1,1,1,8.16582371358594e-12,"PApI0u"
6,31008572,31008572,"A","G","+","6_31008572_A_G","rs149405105",0.0582923,0.0103154,7.79714,0.941681,78078,NA,NA,NA,NA,0,47872223,"trait",1.503792964883e-314,0,0,0,0,0,1,1,1,1,1.59536477949262e-08,"PApI0u"
6,36678191,36678191,"C","G","+","6_36678191_C_G","rs730506",-0.0504477,0.00590879,16.8637,0.799793,78078,NA,NA,NA,NA,0,48019328,"trait",1.503792964883e-314,0,0,0,0,0,1,1,1,1,1.36867394559267e-17,"PApI0u"
6,90614016,90614016,"C","T","+","6_90614016_C_T","rs6902979",-0.0323763,0.00539815,8.6986,0.263557,78078,NA,NA,NA,NA,0,49179468,"trait",1.503792964883e-314,1,0,0,0,0,1,1,1,1,2.00170465898996e-09,"PApI0u"
6,121850314,121850314,"A","G","+","6_121850314_A_G","rs1320759",-0.0526212,0.00782591,10.7524,0.103167,78078,NA,NA,NA,NA,0,49823238,"trait",1.503792964883e-314,1,0,0,0,0,1,1,1,1,1.7684793782818e-11,"PApI0u"
7,46584639,46584639,"A","G","+","7_46584639_A_G","rs2195883",0.0268135,0.00485041,7.4898,0.59211,78078,NA,NA,NA,NA,0,52058553,"trait",1.503792964883e-314,1,0,0,0,0,1,1,1,1,3.23742711634235e-08,"PApI0u"
7,106776021,106776021,"A","G","+","7_106776021_A_G","rs13225723",-0.0465587,0.00852289,7.32906,0.888165,78078,NA,NA,NA,NA,0,53271471,"trait",1.503792964883e-314,0,0,0,0,0,1,1,1,1,4.68748617656833e-08,"PApI0u"
7,128846309,128846309,"C","T","+","7_128846309_C_T","rs34373805",0.0474022,0.00645152,12.6946,0.161462,78078,NA,NA,NA,NA,0,53723560,"trait",1.503792964883e-314,1,0,0,0,0,1,1,1,1,2.02022620415877e-13,"PApI0u"
8,12034511,12034511,"C","T","+","8_12034511_C_T","rs9329259",0.0393734,0.00480426,15.6029,0.545911,78078,NA,NA,NA,NA,0,54860067,"trait",1.503792964883e-314,1,0,0,0,0,1,1,1,1,2.4951691947416e-16,"PApI0u"
8,123535827,123535827,"G","T","+","8_123535827_G_T","rs58310472",0.0308536,0.00513063,8.74127,0.334581,78078,NA,NA,NA,NA,0,57311617,"trait",1.503792964883e-314,1,0,0,0,0,1,1,1,1,1.81438731114512e-09,"PApI0u"
8,124845117,124845117,"G","T","+","8_124845117_G_T","rs12541595",0.0541425,0.00514693,25.1528,0.307526,78078,NA,NA,NA,NA,0,57341127,"trait",1.503792964883e-314,1,0,0,0,0,1,1,1,1,7.03396171216249e-26,"PApI0u"
8,143939607,143939607,"A","G","+","8_143939607_A_G","rs11784619",-0.0825308,0.0103495,14.8148,0.942919,78078,NA,NA,NA,NA,0,57809727,"trait",1.503792964883e-314,0,0,0,0,0,1,1,1,1,1.53179271589342e-15,"PApI0u"
