"#key","CHR","BP","effect_allele","other_allele","SNP","effect_allele_freq","maf","imp_score","effect_size","standard_error","chisq","P","P_raw","number_of_samples","pval","id"
"01:016339772:C_G",1,16339772,"C","G","rs1763604",0.412519,0.412519,0.995623,0.0638376,0.00730706,76.3251,17.6187,2.40602424876737e-18,39039,2.40602424876737e-18,"i2dARH"
"02:179514433:C_T",2,179514433,"C","T","rs2562845",0.192158,0.192158,0.997791,0.0757968,0.00911477,69.153,16.0404,9.11171233042916e-17,39039,9.11171233042916e-17,"i2dARH"
"04:016022295:A_C",4,16022295,"A","C","rs3796846",0.764378,0.235622,0.990786,-0.0539874,0.00846862,40.6404,9.7376,1.82978473429541e-10,39039,1.82978473429541e-10,"i2dARH"
"06:036645968:C_G",6,36645968,"C","G","rs730506",0.196964,0.196964,0.996021,0.0583111,0.0090705,41.3276,9.8903,1.28735996771579e-10,39039,1.28735996771579e-10,"i2dARH"
"07:153869144:C_G",7,153869144,"C","G","rs6945493",0.757146,0.242854,0.996523,-0.045718,0.00837469,29.8015,7.32,4.78630092322638e-08,39039,4.78630092322638e-08,"i2dARH"
"08:011788017:G_T",8,11788017,"G","T","rs78799098",0.51315,0.48685,0.922069,0.0475181,0.00748859,40.2641,9.65394,2.21850289613094e-10,39039,2.21850289613094e-10,"i2dARH"
"08:125858521:A_G",8,125858521,"A","G","rs72716972",0.30977,0.30977,0.993386,0.0646553,0.00780588,68.6063,15.92,1.20226443461741e-16,39039,1.20226443461741e-16,"i2dARH"
"08:145510507:A_G",8,145510507,"A","G","rs4977200",0.386524,0.386524,0.96824,-0.0423697,0.00747493,32.1289,7.84082,1.4427131822023e-08,39039,1.4427131822023e-08,"i2dARH"
"10:088456113:C_T",10,88456113,"C","T","rs117766863",0.923454,0.076546,0.974248,-0.0756072,0.0136471,30.6933,7.5197,3.02203854982827e-08,39039,3.02203854982827e-08,"i2dARH"
"10:121415685:A_G",10,121415685,"A","G","rs72840788",0.218412,0.218412,0.979984,0.0939323,0.00879261,114.128,25.9132,1.22123713016531e-26,39039,1.22123713016531e-26,"i2dARH"
"17:053382829:C_T",17,53382829,"C","T","rs3794752",0.284028,0.284028,0.981975,0.0444731,0.00799426,30.9484,7.57678,2.64984212580872e-08,39039,2.64984212580872e-08,"i2dARH"
"19:046358957:A_G",19,46358957,"A","G","rs113996837",0.814144,0.185856,0.972448,0.0520892,0.009335,31.1363,7.61883,2.40530414672509e-08,39039,2.40530414672509e-08,"i2dARH"
"22:024169196:C_G",22,24169196,"C","G","rs2267038",0.81191,0.18809,0.998203,-0.0510615,0.00920228,30.789,7.54112,2.87660347000283e-08,39039,2.87660347000283e-08,"i2dARH"
