"ENSGID","GENE","CHR","locus_label","pops_scaled_locus_01","magma_scaled_locus_01","nearest_gene_score","combined_score","BP","rsid","p_value","se"
"ENSG00000007923","DNAJC11",1,"Locus 1",1,0.531076970106814,0,1.53107697010681,6262231,"rs10864434",1.2061463307641e-11,0.00490963
"ENSG00000116237","ICMT",1,"Locus 1",0.838281745209857,0.616099757402064,0,1.45438150261192,6262231,"rs10864434",1.2061463307641e-11,0.00490963
"ENSG00000162413","KLHL21",1,"Locus 1",0.704417473040483,0.410062557884445,0,1.11448003092493,6262231,"rs10864434",1.2061463307641e-11,0.00490963
"ENSG00000041988","THAP3",1,"Locus 1",0.506142094058897,0.393896033047504,0,0.900038127106401,6262231,"rs10864434",1.2061463307641e-11,0.00490963
"ENSG00000116251","RPL22",1,"Locus 1",0.402576240259083,1,1,2.40257624025908,6262231,"rs10864434",1.2061463307641e-11,0.00490963
"ENSG00000116254","CHD5",1,"Locus 1",0.341051724906066,0.140782038284207,0,0.481833763190273,6262231,"rs10864434",1.2061463307641e-11,0.00490963
"ENSG00000131697","NPHP4",1,"Locus 1",0.235557211871335,0.201148529962574,0,0.436705741833909,6262231,"rs10864434",1.2061463307641e-11,0.00490963
"ENSG00000162408","NOL9",1,"Locus 1",0.233055251693183,0,0,0.233055251693183,6262231,"rs10864434",1.2061463307641e-11,0.00490963
"ENSG00000097021","ACOT7",1,"Locus 1",0.207510875820495,0.571665266505944,0,0.779176142326438,6262231,"rs10864434",1.2061463307641e-11,0.00490963
"ENSG00000171680","PLEKHG5",1,"Locus 1",0,0.993652215586269,0,0.993652215586269,6262231,"rs10864434",1.2061463307641e-11,0.00490963
"ENSG00000065526","SPEN",1,"Locus 2",1,0.953078554339157,0,1.95307855433916,16340761,"rs1048334",1.66073370550406e-26,0.00479351
"ENSG00000055070","SZRD1",1,"Locus 2",0.894420393339308,0.135139880736606,0,1.02956027407591,16340761,"rs1048334",1.66073370550406e-26,0.00479351
"ENSG00000116786","PLEKHM2",1,"Locus 2",0.876913068220375,0.0135179529471471,0,0.890431021167522,16340761,"rs1048334",1.66073370550406e-26,0.00479351
"ENSG00000037637","FBXO42",1,"Locus 2",0.662345902667957,0.220354074530559,0,0.882699977198516,16340761,"rs1048334",1.66073370550406e-26,0.00479351
"ENSG00000215695","RSC1A1",1,"Locus 2",0.173969814122645,0.27579886536649,0,0.449768679489135,16340761,"rs1048334",1.66073370550406e-26,0.00479351
"ENSG00000132906","CASP9",1,"Locus 2",0.172199254614551,0,0,0.172199254614551,16340761,"rs1048334",1.66073370550406e-26,0.00479351
"ENSG00000116809","ZBTB17",1,"Locus 2",0.163799001406352,1,0,1.16379900140635,16340761,"rs1048334",1.66073370550406e-26,0.00479351
"ENSG00000157191","NECAP2",1,"Locus 2",0.0917281834769435,0.308763956354673,0,0.400492139831616,16340761,"rs1048334",1.66073370550406e-26,0.00479351
"ENSG00000116138","DNAJC16",1,"Locus 2",0.0433536566275168,0.0835138294787211,0,0.126867486106238,16340761,"rs1048334",1.66073370550406e-26,0.00479351
"ENSG00000173641","HSPB7",1,"Locus 2",0,0.803387587906909,1,1.80338758790691,16340761,"rs1048334",1.66073370550406e-26,0.00479351
"ENSG00000055070","SZRD1",1,"Locus 3",1,0.284345884953847,0,1.28434588495385,16956468,"rs1762951",2.04814170065073e-08,0.00637511
"ENSG00000037637","FBXO42",1,"Locus 3",0.828270251865958,0.554314589643836,0,1.38258484150979,16956468,"rs1762951",2.04814170065073e-08,0.00637511
"ENSG00000117118","SDHB",1,"Locus 3",0.73289358697206,0.120723811711337,0,0.853617398683397,16956468,"rs1762951",2.04814170065073e-08,0.00637511
"ENSG00000117122","MFAP2",1,"Locus 3",0.567073257020581,0.391898390731994,0,0.958971647752576,16956468,"rs1762951",2.04814170065073e-08,0.00637511
"ENSG00000058453","CROCC",1,"Locus 3",0.530524146231615,0.42404786172641,0,0.954572007958025,16956468,"rs1762951",2.04814170065073e-08,0.00637511
"ENSG00000159363","ATP13A2",1,"Locus 3",0.4972982798492,0,0,0.4972982798492,16956468,"rs1762951",2.04814170065073e-08,0.00637511
"ENSG00000157191","NECAP2",1,"Locus 3",0.406026355460024,0.834407614235059,0,1.24043396969508,16956468,"rs1762951",2.04814170065073e-08,0.00637511
"ENSG00000142632","ARHGEF19",1,"Locus 3",0.151893523850795,0.125773410471009,0,0.277666934321803,16956468,"rs1762951",2.04814170065073e-08,0.00637511
"ENSG00000142627","EPHA2",1,"Locus 3",0.133035745214939,1,0,1.13303574521494,16956468,"rs1762951",2.04814170065073e-08,0.00637511
"ENSG00000219481","NBPF1",1,"Locus 3",0,0.772319441852453,0,0.772319441852453,16956468,"rs1762951",2.04814170065073e-08,0.00637511
"ENSG00000117707","PROX1",1,"Locus 4",1,1,0,2,214285221,"rs74139614",1.35696923027274e-08,0.0113073
"ENSG00000117724","CENPF",1,"Locus 4",0.193281587261409,0.436851797047121,0,0.63013338430853,214285221,"rs74139614",1.35696923027274e-08,0.0113073
"ENSG00000143499","SMYD2",1,"Locus 4",0.145151414651773,0,0,0.145151414651773,214285221,"rs74139614",1.35696923027274e-08,0.0113073
"ENSG00000152104","PTPN14",1,"Locus 4",0,0.42262996941896,0,0.42262996941896,214285221,"rs74139614",1.35696923027274e-08,0.0113073
"ENSG00000116984","MTR",1,"Locus 5",1,0.495033059184003,0,1.495033059184,236852282,"rs12724121",8.13954259097269e-15,0.00490343
"ENSG00000198626","RYR2",1,"Locus 5",0.699260324811831,0,0,0.699260324811831,236852282,"rs12724121",8.13954259097269e-15,0.00490343
"ENSG00000116977","LGALS8",1,"Locus 5",0.651836953032353,0.440654733107563,0,1.09249168613992,236852282,"rs12724121",8.13954259097269e-15,0.00490343
"ENSG00000077522","ACTN2",1,"Locus 5",0.44829157562185,1,1,2.44829157562185,236852282,"rs12724121",8.13954259097269e-15,0.00490343
"ENSG00000186197","EDARADD",1,"Locus 5",0.245195615962867,0.289132398000323,0,0.53432801396319,236852282,"rs12724121",8.13954259097269e-15,0.00490343
"ENSG00000086619","ERO1LB",1,"Locus 5",0.240035997421336,0.314679890340268,0,0.554715887761603,236852282,"rs12724121",8.13954259097269e-15,0.00490343
"ENSG00000119285","HEATR1",1,"Locus 5",0.0507282389861168,0.571085308821158,0,0.621813547807275,236852282,"rs12724121",8.13954259097269e-15,0.00490343
"ENSG00000244020","MT1HL1",1,"Locus 5",0,0.419738751814224,0,0.419738751814224,236852282,"rs12724121",8.13954259097269e-15,0.00490343
"ENSG00000116001","TIA1",2,"Locus 6",1,0.703652795372927,0,1.70365279537293,70312306,"rs62151166",1.927880009106e-10,0.00601339
"ENSG00000163235","TGFA",2,"Locus 6",0.799964419618981,0,0,0.799964419618981,70312306,"rs62151166",1.927880009106e-10,0.00601339
"ENSG00000115977","AAK1",2,"Locus 6",0.669783742633929,0.472489008547479,0,1.14227275118141,70312306,"rs62151166",1.927880009106e-10,0.00601339
"ENSG00000087338","GMCL1",2,"Locus 6",0.529670659779705,0.587063627120284,0,1.11673428689999,70312306,"rs62151166",1.927880009106e-10,0.00601339
"ENSG00000169564","PCBP1",2,"Locus 6",0.415217809126874,0.0900742211044688,0,0.505292030231342,70312306,"rs62151166",1.927880009106e-10,0.00601339
"ENSG00000196975","ANXA4",2,"Locus 6",0.202945500135686,0.426038587193994,0,0.62898408732968,70312306,"rs62151166",1.927880009106e-10,0.00601339
"ENSG00000116005","PCYOX1",2,"Locus 6",0.120597342591817,0.564648867464166,0,0.685246210055983,70312306,"rs62151166",1.927880009106e-10,0.00601339
"ENSG00000115998","C2orf42",2,"Locus 6",0.112263303530101,1,0,1.1122633035301,70312306,"rs62151166",1.927880009106e-10,0.00601339
"ENSG00000124380","SNRNP27",2,"Locus 6",0.013981142622889,0.30372995031009,0,0.317711092932979,70312306,"rs62151166",1.927880009106e-10,0.00601339
"ENSG00000035141","FAM136A",2,"Locus 6",0,0.647963232384326,0,0.647963232384326,70312306,"rs62151166",1.927880009106e-10,0.00601339
"ENSG00000135956","TMEM127",2,"Locus 7",1,0.488082357955477,0,1.48808235795548,96759437,"rs2579547",3.98832003357068e-08,0.0048277
"ENSG00000084090","STARD7",2,"Locus 7",0.966839412117203,0.324612307793187,0,1.29145171991039,96759437,"rs2579547",3.98832003357068e-08,0.0048277
"ENSG00000121152","NCAPH",2,"Locus 7",0.603746382710126,0.434379200681945,0,1.03812558339207,96759437,"rs2579547",3.98832003357068e-08,0.0048277
"ENSG00000144028","SNRNP200",2,"Locus 7",0.592315792709815,0.457525982754664,0,1.04984177546448,96759437,"rs2579547",3.98832003357068e-08,0.0048277
"ENSG00000196843","ARID5A",2,"Locus 7",0.573967223730693,0.33225140159339,0,0.906218625324083,96759437,"rs2579547",3.98832003357068e-08,0.0048277
"ENSG00000222040","ADRA2B",2,"Locus 7",0.479192359734142,0.826235205403101,1,2.30542756513724,96759437,"rs2579547",3.98832003357068e-08,0.0048277
"ENSG00000144021","CIAO1",2,"Locus 7",0.446658379701254,0.268384643126455,0,0.715043022827709,96759437,"rs2579547",3.98832003357068e-08,0.0048277
"ENSG00000186281","GPAT2",2,"Locus 7",0.336394783848264,0.498082030097374,0,0.834476813945638,96759437,"rs2579547",3.98832003357068e-08,0.0048277
"ENSG00000174501","ANKRD36C",2,"Locus 7",0.048359166927617,1,0,1.04835916692762,96759437,"rs2579547",3.98832003357068e-08,0.0048277
"ENSG00000198885","ITPRIPL1",2,"Locus 7",0,0,0,0,96759437,"rs2579547",3.98832003357068e-08,0.0048277
"ENSG00000170417","TMEM182",2,"Locus 8",1,1,1,3,103378560,"rs2732839",1.0015669843021e-10,0.00975314
"ENSG00000115616","SLC9A2",2,"Locus 8",0.910945769665244,0.451639852420842,0,1.36258562208609,103378560,"rs2732839",1.0015669843021e-10,0.00975314
"ENSG00000180251","SLC9A4",2,"Locus 8",0.728834249320198,0.339999092751081,0,1.06883334207128,103378560,"rs2732839",1.0015669843021e-10,0.00975314
"ENSG00000135953","MFSD9",2,"Locus 8",0.631002349671494,0.571929718450419,0,1.20293206812191,103378560,"rs2732839",1.0015669843021e-10,0.00975314
"ENSG00000115602","IL1RL1",2,"Locus 8",0.313839406570476,0.117276287537424,0,0.431115694107901,103378560,"rs2732839",1.0015669843021e-10,0.00975314
"ENSG00000115607","IL18RAP",2,"Locus 8",0.202296981084201,0.0409207064444915,0,0.243217687528692,103378560,"rs2732839",1.0015669843021e-10,0.00975314
"ENSG00000115604","IL18R1",2,"Locus 8",0,0,0,0,103378560,"rs2732839",1.0015669843021e-10,0.00975314
"ENSG00000163492","CCDC141",2,"Locus 9",1,0.641425165750137,0,1.64142516575014,179558282,"rs2255167",6.05480275689862e-32,0.00596785
"ENSG00000187231","SESTD1",2,"Locus 9",0.845094538370506,0,0,0.845094538370506,179558282,"rs2255167",6.05480275689862e-32,0.00596785
"ENSG00000079156","OSBPL6",2,"Locus 9",0.664792490855078,0.38565755029589,0,1.05045004115097,179558282,"rs2255167",6.05480275689862e-32,0.00596785
"ENSG00000155657","TTN",2,"Locus 9",0.609310058235666,1,1,2.60931005823567,179558282,"rs2255167",6.05480275689862e-32,0.00596785
"ENSG00000180228","PRKRA",2,"Locus 9",0.529991327546383,0.400798645184615,0,0.930789972730998,179558282,"rs2255167",6.05480275689862e-32,0.00596785
"ENSG00000116095","PLEKHA3",2,"Locus 9",0.466866546026466,0.954114599331835,0,1.4209811453583,179558282,"rs2255167",6.05480275689862e-32,0.00596785
"ENSG00000079150","FKBP7",2,"Locus 9",0.339939866224331,0.371957170001604,0,0.711897036225935,179558282,"rs2255167",6.05480275689862e-32,0.00596785
"ENSG00000204311","DFNB59",2,"Locus 9",0,0.385344942412191,0,0.385344942412191,179558282,"rs2255167",6.05480275689862e-32,0.00596785
"ENSG00000131389","SLC6A6",3,"Locus 10",1,0.0764901952296438,0,1.07649019522964,14297855,"rs62231957",1.15371888082859e-15,0.00574564
"ENSG00000170876","TMEM43",3,"Locus 10",0.759207218958395,1,0,1.75920721895839,14297855,"rs62231957",1.15371888082859e-15,0.00574564
"ENSG00000154781","CCDC174",3,"Locus 10",0.680390722184294,0,0,0.680390722184294,14297855,"rs62231957",1.15371888082859e-15,0.00574564
"ENSG00000154767","XPC",3,"Locus 10",0.563366006951695,0.832474784641357,0,1.39584079159305,14297855,"rs62231957",1.15371888082859e-15,0.00574564
"ENSG00000170860","LSM3",3,"Locus 10",0.531852882732014,0.840656248647245,0,1.37250913137926,14297855,"rs62231957",1.15371888082859e-15,0.00574564
"ENSG00000163528","CHCHD4",3,"Locus 10",0.521664199801159,0.6394528375395,0,1.16111703734066,14297855,"rs62231957",1.15371888082859e-15,0.00574564
"ENSG00000154764","WNT7A",3,"Locus 10",0.0864693240456109,0.850655815765551,0,0.937125139811162,14297855,"rs62231957",1.15371888082859e-15,0.00574564
"ENSG00000131379","C3orf20",3,"Locus 10",0.0113162828905176,0.160902125449115,0,0.172218408339632,14297855,"rs62231957",1.15371888082859e-15,0.00574564
"ENSG00000157388","CACNA1D",3,"Locus 11",1,0.397708538819219,0,1.39770853881922,53492956,"rs534958",2.21503197579622e-08,0.00488585
"ENSG00000163935","SFMBT1",3,"Locus 11",0.837693009849088,0.883859377201635,0,1.72155238705072,53492956,"rs534958",2.21503197579622e-08,0.00488585
"ENSG00000113812","ACTR8",3,"Locus 11",0.598609367574105,0,0,0.598609367574105,53492956,"rs534958",2.21503197579622e-08,0.00488585
"ENSG00000113811","SELK",3,"Locus 11",0.538399317195323,0.195557982246019,0,0.733957299441342,53492956,"rs534958",2.21503197579622e-08,0.00488585
"ENSG00000163933","RFT1",3,"Locus 11",0.454260778933391,1,0,1.45426077893339,53492956,"rs534958",2.21503197579622e-08,0.00488585
"ENSG00000163931","TKT",3,"Locus 11",0.390157308068668,0.770906721149782,0,1.16106402921845,53492956,"rs534958",2.21503197579622e-08,0.00488585
"ENSG00000163932","PRKCD",3,"Locus 11",0.336477037905327,0.934320839791461,0,1.27079787769679,53492956,"rs534958",2.21503197579622e-08,0.00488585
"ENSG00000162290","DCP1A",3,"Locus 11",0.324030753136788,0.874013667746935,0,1.19804442088372,53492956,"rs534958",2.21503197579622e-08,0.00488585
"ENSG00000056736","IL17RB",3,"Locus 11",0.0581381953429502,0.128663519797097,0,0.186801715140048,53492956,"rs534958",2.21503197579622e-08,0.00488585
"ENSG00000016391","CHDH",3,"Locus 11",0,0.363056573199944,0,0.363056573199944,53492956,"rs534958",2.21503197579622e-08,0.00488585
"ENSG00000121440","PDZRN3",3,"Locus 12",1,1,1,3,73573357,"rs11711610",4.48332270432733e-12,0.00504857
"ENSG00000163605","PPP4R2",3,"Locus 12",0.364118896770038,0.078490171533901,0,0.442609068303939,73573357,"rs11711610",4.48332270432733e-12,0.00504857
"ENSG00000255423","EBLN2",3,"Locus 12",0,0,0,0,73573357,"rs11711610",4.48332270432733e-12,0.00504857
"ENSG00000144824","PHLDB2",3,"Locus 13",1,1,1,3,111635119,"rs1282945",6.10801366500168e-10,0.00516956
"ENSG00000091972","CD200",3,"Locus 13",0.324242084608506,0.292858658293376,0,0.617100742901882,111635119,"rs1282945",6.10801366500168e-10,0.00516956
"ENSG00000240891","PLCXD2",3,"Locus 13",0.173453368895609,0.52109305384648,0,0.694546422742089,111635119,"rs1282945",6.10801366500168e-10,0.00516956
"ENSG00000144834","TAGLN3",3,"Locus 13",0.173234160829594,0.571180039886282,0,0.744414200715876,111635119,"rs1282945",6.10801366500168e-10,0.00516956
"ENSG00000176040","TMPRSS7",3,"Locus 13",0.102809709916662,0.122763185810667,0,0.225572895727329,111635119,"rs1282945",6.10801366500168e-10,0.00516956
"ENSG00000144827","ABHD10",3,"Locus 13",0.0910381978765979,0.528119828573853,0,0.619158026450451,111635119,"rs1282945",6.10801366500168e-10,0.00516956
"ENSG00000172139","SLC9C1",3,"Locus 13",0.0505650046929078,0.414605168243731,0,0.465170172936638,111635119,"rs1282945",6.10801366500168e-10,0.00516956
"ENSG00000114529","C3orf52",3,"Locus 13",0.0115586860283285,0.163172232358807,0,0.174730918387135,111635119,"rs1282945",6.10801366500168e-10,0.00516956
"ENSG00000177494","ZBED2",3,"Locus 13",0.00107710294551643,0,0,0.00107710294551643,111635119,"rs1282945",6.10801366500168e-10,0.00516956
"ENSG00000174500","GCSAM",3,"Locus 13",0,0.343947044596257,0,0.343947044596257,111635119,"rs1282945",6.10801366500168e-10,0.00516956
"ENSG00000163785","RYK",3,"Locus 14",1,0.0890607656935464,0,1.08906076569355,134403049,"rs17694541",4.50629895368856e-09,0.00905808
"ENSG00000154928","EPHB1",3,"Locus 14",0.710242967725005,0.761007064958861,0,1.47125003268387,134403049,"rs17694541",4.50629895368856e-09,0.00905808
"ENSG00000182923","CEP63",3,"Locus 14",0.491785404353065,1,0,1.49178540435306,134403049,"rs17694541",4.50629895368856e-09,0.00905808
"ENSG00000114019","AMOTL2",3,"Locus 14",0.268438737334797,0,0,0.268438737334797,134403049,"rs17694541",4.50629895368856e-09,0.00905808
"ENSG00000174611","KY",3,"Locus 14",0.0180952183281743,0.75686675240931,1,1.77496197073748,134403049,"rs17694541",4.50629895368856e-09,0.00905808
"ENSG00000129055","ANAPC13",3,"Locus 14",0,0.83297802991596,0,0.83297802991596,134403049,"rs17694541",4.50629895368856e-09,0.00905808
"ENSG00000174891","RSRC1",3,"Locus 15",1,0.552278269044332,0,1.55227826904433,158320597,"rs4875",5.72268709222843e-14,0.00473206
"ENSG00000168827","GFM1",3,"Locus 15",0.621985111436991,0.99966425067045,0,1.62164936210744,158320597,"rs4875",5.72268709222843e-14,0.00473206
"ENSG00000214216","IQCJ",3,"Locus 15",0.397959647387276,0,0,0.397959647387276,158320597,"rs4875",5.72268709222843e-14,0.00473206
"ENSG00000118855","MFSD1",3,"Locus 15",0.279181610514448,0.42190960229093,0,0.701091212805377,158320597,"rs4875",5.72268709222843e-14,0.00473206
"ENSG00000178053","MLF1",3,"Locus 15",0.206559690280833,1,0,1.20655969028083,158320597,"rs4875",5.72268709222843e-14,0.00473206
"ENSG00000079257","LXN",3,"Locus 15",0.184462078841104,0.881732298665816,0,1.06619437750692,158320597,"rs4875",5.72268709222843e-14,0.00473206
"ENSG00000168779","SHOX2",3,"Locus 15",0.0931200632429965,0.345023005823852,0,0.438143069066848,158320597,"rs4875",5.72268709222843e-14,0.00473206
"ENSG00000118849","RARRES1",3,"Locus 15",0,0.834041904314239,0,0.834041904314239,158320597,"rs4875",5.72268709222843e-14,0.00473206
"ENSG00000169744","LDB2",4,"Locus 16",1,0.0650642932239329,0,1.06506429322393,16037084,"rs2292804",4.65586093522958e-14,0.00568845
"ENSG00000048342","CC2D2A",4,"Locus 16",0.820243298029637,0.178367721998772,0,0.998611020028409,16037084,"rs2292804",4.65586093522958e-14,0.00568845
"ENSG00000007062","PROM1",4,"Locus 16",0.638406196773414,1,1,2.63840619677341,16037084,"rs2292804",4.65586093522958e-14,0.00568845
"ENSG00000169762","TAPT1",4,"Locus 16",0.610426039934218,0.222982122309092,0,0.833408162243311,16037084,"rs2292804",4.65586093522958e-14,0.00568845
"ENSG00000118564","FBXL5",4,"Locus 16",0.440971514091417,0.224032290300492,0,0.66500380439191,16037084,"rs2292804",4.65586093522958e-14,0.00568845
"ENSG00000004468","CD38",4,"Locus 16",0.280259792849047,0.00704960742875591,0,0.287309400277803,16037084,"rs2292804",4.65586093522958e-14,0.00568845
"ENSG00000137440","FGFBP1",4,"Locus 16",0.113756599860341,0.0782505241970295,0,0.192007124057371,16037084,"rs2292804",4.65586093522958e-14,0.00568845
"ENSG00000109743","BST1",4,"Locus 16",0.112575536387307,0.140670475496672,0,0.253246011883978,16037084,"rs2292804",4.65586093522958e-14,0.00568845
"ENSG00000137441","FGFBP2",4,"Locus 16",0.104664666819404,0,0,0.104664666819404,16037084,"rs2292804",4.65586093522958e-14,0.00568845
"ENSG00000237765","FAM200B",4,"Locus 16",0,0.0225762465718756,0,0.0225762465718756,16037084,"rs2292804",4.65586093522958e-14,0.00568845
"ENSG00000109332","UBE2D3",4,"Locus 17",1,1,0,2,103877060,"rs4235408",2.07859558262328e-09,0.00480804
"ENSG00000109320","NFKB1",4,"Locus 17",0.81795227916257,0.4454707247291,0,1.26342300389167,103877060,"rs4235408",2.07859558262328e-09,0.00480804
"ENSG00000138778","CENPE",4,"Locus 17",0.69616890263363,0.309787173785011,0,1.00595607641864,103877060,"rs4235408",2.07859558262328e-09,0.00480804
"ENSG00000109323","MANBA",4,"Locus 17",0.491293033520367,0.475433102795738,0,0.966726136316105,103877060,"rs4235408",2.07859558262328e-09,0.00480804
"ENSG00000145354","CISD2",4,"Locus 17",0.4410976462097,0.920990721639531,0,1.36208836784923,103877060,"rs4235408",2.07859558262328e-09,0.00480804
"ENSG00000164038","SLC9B2",4,"Locus 17",0.268951972543288,0.739848675508411,0,1.0088006480517,103877060,"rs4235408",2.07859558262328e-09,0.00480804
"ENSG00000164039","BDH2",4,"Locus 17",0.142431164324362,0,0,0.142431164324362,103877060,"rs4235408",2.07859558262328e-09,0.00480804
"ENSG00000164037","SLC9B1",4,"Locus 17",0,0.965306720133366,0,0.965306720133366,103877060,"rs4235408",2.07859558262328e-09,0.00480804
"ENSG00000072364","AFF4",5,"Locus 18",1,0.650886231813616,0,1.65088623181362,132444128,"rs72801474",3.51471407042908e-08,0.00818561
"ENSG00000170606","HSPA4",5,"Locus 18",0.899364477260007,1,0,1.89936447726001,132444128,"rs72801474",3.51471407042908e-08,0.00818561
"ENSG00000113522","RAD50",5,"Locus 18",0.784779509552133,0.440458831534947,0,1.22523834108708,132444128,"rs72801474",3.51471407042908e-08,0.00818561
"ENSG00000164405","UQCRQ",5,"Locus 18",0.395907693419701,0.623019344804122,0,1.01892703822382,132444128,"rs72801474",3.51471407042908e-08,0.00818561
"ENSG00000131437","KIF3A",5,"Locus 18",0.37108995603828,0.125639156216584,0,0.496729112254864,132444128,"rs72801474",3.51471407042908e-08,0.00818561
"ENSG00000053108","FSTL4",5,"Locus 18",0.347717702798769,0.309299763455494,0,0.657017466254263,132444128,"rs72801474",3.51471407042908e-08,0.00818561
"ENSG00000155329","ZCCHC10",5,"Locus 18",0.266244950391881,0.861151615307346,0,1.12739656569923,132444128,"rs72801474",3.51471407042908e-08,0.00818561
"ENSG00000164402","SEPT8",5,"Locus 18",0.253813593641088,0,0,0.253813593641088,132444128,"rs72801474",3.51471407042908e-08,0.00818561
"ENSG00000164403","SHROOM1",5,"Locus 18",0.111615443461552,0.488934253588672,0,0.600549697050224,132444128,"rs72801474",3.51471407042908e-08,0.00818561
"ENSG00000113520","IL4",5,"Locus 18",0,0.184401023946081,0,0.184401023946081,132444128,"rs72801474",3.51471407042908e-08,0.00818561
"ENSG00000044115","CTNNA1",5,"Locus 19",1,0,0,1,138754741,"rs4835728",8.44948034411098e-10,0.00519082
"ENSG00000120727","PAIP2",5,"Locus 19",0.691452056039667,0.800906993196767,0,1.49235904923643,138754741,"rs4835728",8.44948034411098e-10,0.00519082
"ENSG00000131508","UBE2D2",5,"Locus 19",0.550397879784308,0.272005408703809,0,0.822403288488117,138754741,"rs4835728",8.44948034411098e-10,0.00519082
"ENSG00000120725","SIL1",5,"Locus 19",0.474814670698851,0.185764191180738,0,0.66057886187959,138754741,"rs4835728",8.44948034411098e-10,0.00519082
"ENSG00000158458","NRG2",5,"Locus 19",0.417007537607281,0.0141743177550742,0,0.431181855362355,138754741,"rs4835728",8.44948034411098e-10,0.00519082
"ENSG00000015479","MATR3",5,"Locus 19",0.32383151692758,0.917300793266101,0,1.24113231019368,138754741,"rs4835728",8.44948034411098e-10,0.00519082
"ENSG00000146005","PSD2",5,"Locus 19",0.264597591032739,0.0944138819214703,0,0.359011472954209,138754741,"rs4835728",8.44948034411098e-10,0.00519082
"ENSG00000171604","CXXC5",5,"Locus 19",0.0836820211695104,0.172822832008609,0,0.256504853178119,138754741,"rs4835728",8.44948034411098e-10,0.00519082
"ENSG00000228672","PROB1",5,"Locus 19",0,1,0,1,138754741,"rs4835728",8.44948034411098e-10,0.00519082
"ENSG00000183775","KCTD16",5,"Locus 20",1,1,0,2,143507425,"rs12521291",8.16582371358594e-12,0.00501133
"ENSG00000145817","YIPF5",5,"Locus 20",0.699869065666814,0.632341306176005,0,1.33221037184282,143507425,"rs12521291",8.16582371358594e-12,0.00501133
"ENSG00000158497","HMHB1",5,"Locus 20",0,0,0,0,143507425,"rs12521291",8.16582371358594e-12,0.00501133
"ENSG00000204580","DDR1",6,"Locus 21",1,0,0,1,30976349,"rs149405105",1.59536477949262e-08,0.0103154
"ENSG00000204574","ABCF1",6,"Locus 21",0.898925350303965,0,0,0.898925350303965,30976349,"rs149405105",1.59536477949262e-08,0.0103154
"ENSG00000204569","PPP1R10",6,"Locus 21",0.734496420658039,0,0,0.734496420658039,30976349,"rs149405105",1.59536477949262e-08,0.0103154
"ENSG00000204564","C6orf136",6,"Locus 21",0.346272716960465,0,0,0.346272716960465,30976349,"rs149405105",1.59536477949262e-08,0.0103154
"ENSG00000204568","MRPS18B",6,"Locus 21",0.332105778126321,0,0,0.332105778126321,30976349,"rs149405105",1.59536477949262e-08,0.0103154
"ENSG00000137337","MDC1",6,"Locus 21",0.276723683876222,0,0,0.276723683876222,30976349,"rs149405105",1.59536477949262e-08,0.0103154
"ENSG00000196230","TUBB",6,"Locus 21",0.162316784381957,0,0,0.162316784381957,30976349,"rs149405105",1.59536477949262e-08,0.0103154
"ENSG00000137343","ATAT1",6,"Locus 21",0.135842297225953,0,0,0.135842297225953,30976349,"rs149405105",1.59536477949262e-08,0.0103154
"ENSG00000137312","FLOT1",6,"Locus 21",0.13136478156921,0,0,0.13136478156921,30976349,"rs149405105",1.59536477949262e-08,0.0103154
"ENSG00000204520","MICA",6,"Locus 21",0,0,0,0,30976349,"rs149405105",1.59536477949262e-08,0.0103154
"ENSG00000198663","C6orf89",6,"Locus 22",1,0.162374786220376,0,1.16237478622038,36645968,"rs730506",1.36867394559267e-17,0.00590879
"ENSG00000112079","STK38",6,"Locus 22",0.811303774145684,0.202889078915221,0,1.0141928530609,36645968,"rs730506",1.36867394559267e-17,0.00590879
"ENSG00000112081","SRSF3",6,"Locus 22",0.526189462006436,0.27201319325678,0,0.798202655263216,36645968,"rs730506",1.36867394559267e-17,0.00590879
"ENSG00000112078","KCTD20",6,"Locus 22",0.39909588198008,0.193139506474469,0,0.592235388454549,36645968,"rs730506",1.36867394559267e-17,0.00590879
"ENSG00000137409","MTCH1",6,"Locus 22",0.32221967742652,0,0,0.32221967742652,36645968,"rs730506",1.36867394559267e-17,0.00590879
"ENSG00000096070","BRPF3",6,"Locus 22",0.310981932077685,0.202408990960176,0,0.513390923037861,36645968,"rs730506",1.36867394559267e-17,0.00590879
"ENSG00000124772","CPNE5",6,"Locus 22",0.173713069040609,0.355655998045443,0,0.529369067086052,36645968,"rs730506",1.36867394559267e-17,0.00590879
"ENSG00000137168","PPIL1",6,"Locus 22",0.173017433735812,0.0911104324456389,0,0.264127866181451,36645968,"rs730506",1.36867394559267e-17,0.00590879
"ENSG00000124762","CDKN1A",6,"Locus 22",0.011105654053366,1,1,2.01110565405337,36645968,"rs730506",1.36867394559267e-17,0.00590879
"ENSG00000164530","PI16",6,"Locus 22",0,0.195533838260445,0,0.195533838260445,36645968,"rs730506",1.36867394559267e-17,0.00590879
"ENSG00000112182","BACH2",6,"Locus 23",1,0,0,1,91323735,"rs6902979",2.00170465898996e-09,0.00539815
"ENSG00000135341","MAP3K7",6,"Locus 23",0,1,1,2,91323735,"rs6902979",2.00170465898996e-09,0.00539815
"ENSG00000152661","GJA1",6,"Locus 24",0,0,0,0,122171460,"rs1320759",1.7684793782818e-11,0.00782591
"ENSG00000005249","PRKAR2B",7,"Locus 26",1,0.324187683436794,0,1.32418768343679,106416467,"rs13225723",4.68748617656833e-08,0.00852289
"ENSG00000164597","COG5",7,"Locus 26",0.911972644209215,0.14047687073063,0,1.05244951493985,106416467,"rs13225723",4.68748617656833e-08,0.00852289
"ENSG00000105856","HBP1",7,"Locus 26",0.844827174758949,0.00235924608018837,0,0.847186420839138,106416467,"rs13225723",4.68748617656833e-08,0.00852289
"ENSG00000105835","NAMPT",7,"Locus 26",0.479721475914174,0,0,0.479721475914174,106416467,"rs13225723",4.68748617656833e-08,0.00852289
"ENSG00000253276","CCDC71L",7,"Locus 26",0.190558935203092,1,0,1.19055893520309,106416467,"rs13225723",4.68748617656833e-08,0.00852289
"ENSG00000105851","PIK3CG",7,"Locus 26",0,0.830090993307533,0,0.830090993307533,106416467,"rs13225723",4.68748617656833e-08,0.00852289
"ENSG00000064419","TNPO3",7,"Locus 27",1,0.13431144308171,0,1.13431144308171,128486363,"rs34373805",2.02022620415877e-13,0.00645152
"ENSG00000128596","CCDC136",7,"Locus 27",0.863171620577201,1,0,1.8631716205772,128486363,"rs34373805",2.02022620415877e-13,0.00645152
"ENSG00000128595","CALU",7,"Locus 27",0.837290468220065,0.376476974554353,0,1.21376744277442,128486363,"rs34373805",2.02022620415877e-13,0.00645152
"ENSG00000158467","AHCYL2",7,"Locus 27",0.824147289225538,0.15071189389979,0,0.974859183125327,128486363,"rs34373805",2.02022620415877e-13,0.00645152
"ENSG00000128602","SMO",7,"Locus 27",0.586401161311937,0.192230784756933,0,0.778631946068871,128486363,"rs34373805",2.02022620415877e-13,0.00645152
"ENSG00000128591","FLNC",7,"Locus 27",0.448633063921742,0.863939693679395,1,2.31257275760114,128486363,"rs34373805",2.02022620415877e-13,0.00645152
"ENSG00000128617","OPN1SW",7,"Locus 27",0.430596082035746,0.442545141357043,0,0.873141223392788,128486363,"rs34373805",2.02022620415877e-13,0.00645152
"ENSG00000106348","IMPDH1",7,"Locus 27",0.248608456130218,0.215901241254117,0,0.464509697384335,128486363,"rs34373805",2.02022620415877e-13,0.00645152
"ENSG00000158457","TSPAN33",7,"Locus 27",0.170003056416548,0.237395334609565,0,0.407398391026113,128486363,"rs34373805",2.02022620415877e-13,0.00645152
"ENSG00000224940","PRRT4",7,"Locus 27",0,0,0,0,128486363,"rs34373805",2.02022620415877e-13,0.00645152
"ENSG00000164733","CTSB",8,"Locus 28",1,0.532984871112265,0,1.53298487111227,11892020,"rs9329259",2.4951691947416e-16,0.00480426
"ENSG00000079459","FDFT1",8,"Locus 28",0.94670292307878,0.854603597169015,0,1.80130652024779,11892020,"rs9329259",2.4951691947416e-16,0.00480426
"ENSG00000136574","GATA4",8,"Locus 28",0.381640990136816,1,0,1.38164099013682,11892020,"rs9329259",2.4951691947416e-16,0.00480426
"ENSG00000205883","DEFB135",8,"Locus 28",0.0967193495845495,0.259788325433413,0,0.356507675017963,11892020,"rs9329259",2.4951691947416e-16,0.00480426
"ENSG00000154328","NEIL2",8,"Locus 28",0.0923932729052292,0.723329653918577,0,0.815722926823806,11892020,"rs9329259",2.4951691947416e-16,0.00480426
"ENSG00000145002","FAM86B2",8,"Locus 28",0.0752744796079566,0,0,0.0752744796079566,11892020,"rs9329259",2.4951691947416e-16,0.00480426
"ENSG00000205882","DEFB134",8,"Locus 28",0.0155685195590523,0.78439711707032,0,0.799965636629372,11892020,"rs9329259",2.4951691947416e-16,0.00480426
"ENSG00000205884","DEFB136",8,"Locus 28",0,0.851714174404259,0,0.851714174404259,11892020,"rs9329259",2.4951691947416e-16,0.00480426
"ENSG00000156802","ATAD2",8,"Locus 29",1,0.309925081390636,0,1.30992508139064,124548067,"rs58310472",1.81438731114512e-09,0.00513063
"ENSG00000136986","DERL1",8,"Locus 29",0.446952121868736,0.226120837310252,0,0.673072959178988,124548067,"rs58310472",1.81438731114512e-09,0.00513063
"ENSG00000189376","C8orf76",8,"Locus 29",0.428654895843215,0.149894747852464,0,0.578549643695679,124548067,"rs58310472",1.81438731114512e-09,0.00513063
"ENSG00000156804","FBXO32",8,"Locus 29",0.390456415000394,1,1,2.39045641500039,124548067,"rs58310472",1.81438731114512e-09,0.00513063
"ENSG00000156795","WDYHV1",8,"Locus 29",0.279194661226519,0.178223919040833,0,0.457418580267352,124548067,"rs58310472",1.81438731114512e-09,0.00513063
"ENSG00000156787","TBC1D31",8,"Locus 29",0.242980233067558,0.252114849051423,0,0.495095082118981,124548067,"rs58310472",1.81438731114512e-09,0.00513063
"ENSG00000165156","ZHX1",8,"Locus 29",0.222453608293303,0.207017245662435,0,0.429470853955738,124548067,"rs58310472",1.81438731114512e-09,0.00513063
"ENSG00000175946","KLHL38",8,"Locus 29",0.207562518791795,0.495077337447537,0,0.702639856239332,124548067,"rs58310472",1.81438731114512e-09,0.00513063
"ENSG00000176853","FAM91A1",8,"Locus 29",0.0434756172966183,0,0,0.0434756172966183,124548067,"rs58310472",1.81438731114512e-09,0.00513063
"ENSG00000147689","FAM83A",8,"Locus 29",0,0.31195167553574,0,0.31195167553574,124548067,"rs58310472",1.81438731114512e-09,0.00513063
"ENSG00000156831","NSMCE2",8,"Locus 30",1,1,0,2,125857359,"rs12541595",7.03396171216249e-26,0.00514693
"ENSG00000170873","MTSS1",8,"Locus 30",0.80040612214649,0.22771121105106,0,1.02811733319755,125857359,"rs12541595",7.03396171216249e-26,0.00514693
"ENSG00000164983","TMEM65",8,"Locus 30",0.483563179882946,0,0,0.483563179882946,125857359,"rs12541595",7.03396171216249e-26,0.00514693
"ENSG00000147687","TATDN1",8,"Locus 30",0.352107088648487,0.0196109305497039,0,0.371718019198191,125857359,"rs12541595",7.03396171216249e-26,0.00514693
"ENSG00000164961","KIAA0196",8,"Locus 30",0.325003696712731,0.252343260075073,0,0.577346956787804,125857359,"rs12541595",7.03396171216249e-26,0.00514693
"ENSG00000147684","NDUFB9",8,"Locus 30",0.251852085587114,0.0177646961157363,0,0.26961678170285,125857359,"rs12541595",7.03396171216249e-26,0.00514693
"ENSG00000104549","SQLE",8,"Locus 30",0.194299844845621,0.428357178741762,0,0.622657023587383,125857359,"rs12541595",7.03396171216249e-26,0.00514693
"ENSG00000183665","TRMT12",8,"Locus 30",0.123435873657873,0.15384624378791,0,0.277282117445783,125857359,"rs12541595",7.03396171216249e-26,0.00514693
"ENSG00000170881","RNF139",8,"Locus 30",0.0772789716624633,0.0934743388224088,0,0.170753310484872,125857359,"rs12541595",7.03396171216249e-26,0.00514693
"ENSG00000180938","ZNF572",8,"Locus 30",0,0.162479153374649,0,0.162479153374649,125857359,"rs12541595",7.03396171216249e-26,0.00514693
"ENSG00000179632","MAF1",8,"Locus 31",0.608659192109033,0.128855272070445,0,0.737514464179478,145013775,"rs11784619",1.53179271589342e-15,0.0103495
"ENSG00000178814","OPLAH",8,"Locus 31",0.344788791913476,0.729764055091443,0,1.07455284700492,145013775,"rs11784619",1.53179271589342e-15,0.0103495
"ENSG00000014164","ZC3H3",8,"Locus 31",0.300391750548215,1,0,1.30039175054821,145013775,"rs11784619",1.53179271589342e-15,0.0103495
"ENSG00000104529","EEF1D",8,"Locus 31",0.259348087660429,0.531686046511628,0,0.791034134172057,145013775,"rs11784619",1.53179271589342e-15,0.0103495
"ENSG00000179091","CYC1",8,"Locus 31",0.194594436694111,0,0,0.194594436694111,145013775,"rs11784619",1.53179271589342e-15,0.0103495
"ENSG00000180900","SCRIB",8,"Locus 31",0.0141787221563693,0.597730864755024,0,0.611909586911393,145013775,"rs11784619",1.53179271589342e-15,0.0103495
"ENSG00000179950","PUF60",8,"Locus 31",0,0.722002709415218,0,0.722002709415218,145013775,"rs11784619",1.53179271589342e-15,0.0103495
"ENSG00000183230","CTNNA3",10,"Locus 32",1,0.0801168693274265,0,1.08011686932743,69933238,"rs4451608",4.70002318179801e-09,0.00474992
"ENSG00000148634","HERC4",10,"Locus 32",0.978315981161901,0.302582427660949,0,1.28089840882285,69933238,"rs4451608",4.70002318179801e-09,0.00474992
"ENSG00000204130","RUFY2",10,"Locus 32",0.938962498748075,0.300928937150208,0,1.23989143589828,69933238,"rs4451608",4.70002318179801e-09,0.00474992
"ENSG00000096746","HNRNPH3",10,"Locus 32",0.865842332930806,0.292429686861349,0,1.15827201979215,69933238,"rs4451608",4.70002318179801e-09,0.00474992
"ENSG00000138336","TET1",10,"Locus 32",0.775570839850365,0,0,0.775570839850365,69933238,"rs4451608",4.70002318179801e-09,0.00474992
"ENSG00000096717","SIRT1",10,"Locus 32",0.767984995508661,0.30386504179545,0,1.07185003730411,69933238,"rs4451608",4.70002318179801e-09,0.00474992
"ENSG00000138347","MYPN",10,"Locus 32",0.602965533044858,1,0,1.60296553304486,69933238,"rs4451608",4.70002318179801e-09,0.00474992
"ENSG00000138346","DNA2",10,"Locus 32",0.317185561135987,0.353407944388324,0,0.670593505524311,69933238,"rs4451608",4.70002318179801e-09,0.00474992
"ENSG00000122912","SLC25A16",10,"Locus 32",0.287217791286038,0.369726504942932,0,0.656944296228971,69933238,"rs4451608",4.70002318179801e-09,0.00474992
"ENSG00000108187","PBLD",10,"Locus 32",0,0.509454179691768,0,0.509454179691768,69933238,"rs4451608",4.70002318179801e-09,0.00474992
"ENSG00000156650","KAT6B",10,"Locus 33",1,0.293894029768117,0,1.29389402976812,76834921,"rs4745763",3.46856629801959e-09,0.00534653
"ENSG00000165637","VDAC2",10,"Locus 33",0.811220758175828,0.733587859824524,0,1.54480861800035,76834921,"rs4745763",3.46856629801959e-09,0.00534653
"ENSG00000156671","SAMD8",10,"Locus 33",0.351637683555542,0.857187673645641,0,1.20882535720118,76834921,"rs4745763",3.46856629801959e-09,0.00534653
"ENSG00000165655","ZNF503",10,"Locus 33",0.189214457043497,0,0,0.189214457043497,76834921,"rs4745763",3.46856629801959e-09,0.00534653
"ENSG00000165644","COMTD1",10,"Locus 33",0.0759043741474099,0.513802457643279,0,0.589706831790689,76834921,"rs4745763",3.46856629801959e-09,0.00534653
"ENSG00000079393","DUSP13",10,"Locus 33",0.00971662954751533,0.913102851530542,0,0.922819481078057,76834921,"rs4745763",3.46856629801959e-09,0.00534653
"ENSG00000188716","DUPD1",10,"Locus 33",0,1,0,1,76834921,"rs4745763",3.46856629801959e-09,0.00534653
"ENSG00000107779","BMPR1A",10,"Locus 34",1,0.744989768897448,0,1.74498976889745,88450058,"rs12251655",1.10626710811012e-08,0.0087941
"ENSG00000122376","FAM35A",10,"Locus 34",0.503070793447379,0.162095420077034,0,0.665166213524413,88450058,"rs12251655",1.10626710811012e-08,0.0087941
"ENSG00000182771","GRID1",10,"Locus 34",0.427016120016329,0,0,0.427016120016329,88450058,"rs12251655",1.10626710811012e-08,0.0087941
"ENSG00000148672","GLUD1",10,"Locus 34",0.356586708295137,0.124870606644198,0,0.481457314939336,88450058,"rs12251655",1.10626710811012e-08,0.0087941
"ENSG00000173269","MMRN2",10,"Locus 34",0.327936752986131,0.267738926336062,0,0.595675679322193,88450058,"rs12251655",1.10626710811012e-08,0.0087941
"ENSG00000122367","LDB3",10,"Locus 34",0.321039890949823,1,1,2.32103989094982,88450058,"rs12251655",1.10626710811012e-08,0.0087941
"ENSG00000148671","ADIRF",10,"Locus 34",0.127311374686612,0.154902052238806,0,0.282213426925418,88450058,"rs12251655",1.10626710811012e-08,0.0087941
"ENSG00000173267","SNCG",10,"Locus 34",0.113482985372648,0.229184220028888,0,0.342667205401536,88450058,"rs12251655",1.10626710811012e-08,0.0087941
"ENSG00000062650","WAPAL",10,"Locus 34",0.0832126701518978,0.168408311266249,0,0.251620981418147,88450058,"rs12251655",1.10626710811012e-08,0.0087941
"ENSG00000122375","OPN4",10,"Locus 34",0,0.31952636013481,0,0.31952636013481,88450058,"rs12251655",1.10626710811012e-08,0.0087941
"ENSG00000198873","GRK5",10,"Locus 35",1,0.373488348818201,0,1.3734883488182,121415685,"rs72840788",5.48529513941199e-60,0.00580475
"ENSG00000197771","MCMBP",10,"Locus 35",0.735819463941988,1,0,1.73581946394199,121415685,"rs72840788",5.48529513941199e-60,0.00580475
"ENSG00000151923","TIAL1",10,"Locus 35",0.508415815759793,0.812068745030664,0,1.32048456079046,121415685,"rs72840788",5.48529513941199e-60,0.00580475
"ENSG00000183605","SFXN4",10,"Locus 35",0.222278204993146,0.191956764691164,0,0.414234969684311,121415685,"rs72840788",5.48529513941199e-60,0.00580475
"ENSG00000165672","PRDX3",10,"Locus 35",0.11546801428858,0,0,0.11546801428858,121415685,"rs72840788",5.48529513941199e-60,0.00580475
"ENSG00000198825","INPP5F",10,"Locus 35",0.0344195992855683,0.908272311276431,0,0.942691910562,121415685,"rs72840788",5.48529513941199e-60,0.00580475
"ENSG00000148908","RGS10",10,"Locus 35",0.00877989401769502,0.73696574424669,0,0.745745638264385,121415685,"rs72840788",5.48529513941199e-60,0.00580475
"ENSG00000107651","SEC23IP",10,"Locus 35",0.00117086088537018,0.99494031236621,0,0.99611117325158,121415685,"rs72840788",5.48529513941199e-60,0.00580475
"ENSG00000151929","BAG3",10,"Locus 35",0,0.943398219657164,1,1.94339821965716,121415685,"rs72840788",5.48529513941199e-60,0.00580475
"ENSG00000129084","PSMA1",11,"Locus 36",1,0.83321854912764,0,1.83321854912764,14079358,"rs2697821",1.45982232159806e-08,0.00474052
"ENSG00000197601","FAR1",11,"Locus 36",0.931260591568835,0,0,0.931260591568835,14079358,"rs2697821",1.45982232159806e-08,0.00474052
"ENSG00000129083","COPB1",11,"Locus 36",0.817828811957352,1,0,1.81782881195735,14079358,"rs2697821",1.45982232159806e-08,0.00474052
"ENSG00000165895","ARHGAP42",11,"Locus 37",1,0.168327780953695,0,1.1683277809537,100942792,"rs658286",4.72998757598131e-10,0.00474799
"ENSG00000137672","TRPC6",11,"Locus 37",0.347837829329299,0,0,0.347837829329299,100942792,"rs658286",4.72998757598131e-10,0.00474799
"ENSG00000082175","PGR",11,"Locus 37",0.2577318966116,1,1,2.2577318966116,100942792,"rs658286",4.72998757598131e-10,0.00474799
"ENSG00000123094","RASSF8",12,"Locus 38",1,0,0,1,26300291,"rs111504524",1.17785003722532e-09,0.00839974
"ENSG00000123096","SSPN",12,"Locus 38",0.714742211797451,1,1,2.71474221179745,26300291,"rs111504524",1.17785003722532e-09,0.00839974
"ENSG00000123104","ITPR2",12,"Locus 38",0.516602735628765,0.267570274420779,0,0.784173010049543,26300291,"rs111504524",1.17785003722532e-09,0.00839974
"ENSG00000123095","BHLHE41",12,"Locus 38",0.328192359061481,0.506087111348512,0,0.834279470409994,26300291,"rs111504524",1.17785003722532e-09,0.00839974
"ENSG00000110871","COQ5",12,"Locus 39",1,0.804968395520666,0,1.80496839552067,120668534,"rs116904997",1.41351362807929e-11,0.015761
"ENSG00000110917","MLEC",12,"Locus 39",0.82004112510505,0.0841390992558612,0,0.904180224360911,120668534,"rs116904997",1.41351362807929e-11,0.015761
"ENSG00000089163","SIRT4",12,"Locus 39",0.650692957528835,0.241459540334434,0,0.892152497863269,120668534,"rs116904997",1.41351362807929e-11,0.015761
"ENSG00000122966","CIT",12,"Locus 39",0.47270542553171,0.329517067737067,0,0.802222493268776,120668534,"rs116904997",1.41351362807929e-11,0.015761
"ENSG00000135097","MSI1",12,"Locus 39",0.286110360708665,0.0594157620337598,0,0.345526122742425,120668534,"rs116904997",1.41351362807929e-11,0.015761
"ENSG00000089154","GCN1L1",12,"Locus 39",0.261223737885846,0.0899821380314924,0,0.351205875917339,120668534,"rs116904997",1.41351362807929e-11,0.015761
"ENSG00000135127","CCDC64",12,"Locus 39",0.1498634690883,0.779032289957092,0,0.928895759045392,120668534,"rs116904997",1.41351362807929e-11,0.015761
"ENSG00000089159","PXN",12,"Locus 39",0.0377803084986496,0.749668795602396,1,1.78744910410105,120668534,"rs116904997",1.41351362807929e-11,0.015761
"ENSG00000175970","UNC119B",12,"Locus 39",0.0258951207239572,0,0,0.0258951207239572,120668534,"rs116904997",1.41351362807929e-11,0.015761
"ENSG00000111737","RAB35",12,"Locus 39",0,1,0,1,120668534,"rs116904997",1.41351362807929e-11,0.015761
"ENSG00000073712","FERMT2",14,"Locus 40",1,1,1,3,53387109,"rs4901313",3.10663334909001e-10,0.00606381
"ENSG00000087301","TXNDC16",14,"Locus 40",0.679829808809064,0,0,0.679829808809064,53387109,"rs4901313",3.10663334909001e-10,0.00606381
"ENSG00000100523","DDHD1",14,"Locus 40",0.676250142017857,0.30294558205246,0,0.979195724070317,53387109,"rs4901313",3.10663334909001e-10,0.00606381
"ENSG00000100519","PSMC6",14,"Locus 40",0.582555186742381,0.750995761629985,0,1.33355094837237,53387109,"rs4901313",3.10663334909001e-10,0.00606381
"ENSG00000197930","ERO1L",14,"Locus 40",0.360317707776712,0.145817375614904,0,0.506135083391616,53387109,"rs4901313",3.10663334909001e-10,0.00606381
"ENSG00000180998","GPR137C",14,"Locus 40",0.330378675921556,0.0715820694820337,0,0.40196074540359,53387109,"rs4901313",3.10663334909001e-10,0.00606381
"ENSG00000198252","STYX",14,"Locus 40",0.247667283756028,0.663909172922092,0,0.91157645667812,53387109,"rs4901313",3.10663334909001e-10,0.00606381
"ENSG00000100522","GNPNAT1",14,"Locus 40",0,0.510906568622445,0,0.510906568622445,53387109,"rs4901313",3.10663334909001e-10,0.00606381
"ENSG00000053254","FOXN3",14,"Locus 41",0,0,0,0,89884991,"rs12888084",1.05727995869118e-09,0.00474897
"ENSG00000090565","RAB11FIP3",16,"Locus 42",1,0.166137124197361,0,1.16613712419736,987371,"rs5015437",2.77581168737237e-10,0.00487025
"ENSG00000103275","UBE2I",16,"Locus 42",0.95459194777981,1,0,1.95459194777981,987371,"rs5015437",2.77581168737237e-10,0.00487025
"ENSG00000196557","CACNA1H",16,"Locus 42",0.496968138600143,0.0846067854641942,0,0.581574924064337,987371,"rs5015437",2.77581168737237e-10,0.00487025
"ENSG00000007541","PIGQ",16,"Locus 42",0.306911393360316,0.073402686895489,0,0.380314080255805,987371,"rs5015437",2.77581168737237e-10,0.00487025
"ENSG00000161999","JMJD8",16,"Locus 42",0.25715711229261,0.180682290719716,0,0.437839403012326,987371,"rs5015437",2.77581168737237e-10,0.00487025
"ENSG00000197562","RAB40C",16,"Locus 42",0.199519787199398,0.0341091355526713,0,0.233628922752069,987371,"rs5015437",2.77581168737237e-10,0.00487025
"ENSG00000172366","FAM195A",16,"Locus 42",0.155935932711088,0.279222193619928,0,0.435158126331017,987371,"rs5015437",2.77581168737237e-10,0.00487025
"ENSG00000103326","CAPN15",16,"Locus 42",0.153468426632263,0.0820253784353505,0,0.235493805067613,987371,"rs5015437",2.77581168737237e-10,0.00487025
"ENSG00000103266","STUB1",16,"Locus 42",0.0879545238961459,0.108851129860615,0,0.196805653756761,987371,"rs5015437",2.77581168737237e-10,0.00487025
"ENSG00000007520","TSR3",16,"Locus 42",0,0,0,0,987371,"rs5015437",2.77581168737237e-10,0.00487025
"ENSG00000103275","UBE2I",16,"Locus 43",1,1,1,3,1353515,"rs11248864",1.87819205892674e-09,0.00695865
"ENSG00000196557","CACNA1H",16,"Locus 43",0.520607930703785,0.224603847467551,0,0.745211778171337,1353515,"rs11248864",1.87819205892674e-09,0.00695865
"ENSG00000138834","MAPK8IP3",16,"Locus 43",0.400228715130738,0.0362560383526886,0,0.436484753483426,1353515,"rs11248864",1.87819205892674e-09,0.00695865
"ENSG00000007545","CRAMP1L",16,"Locus 43",0.392147657707903,0,0,0.392147657707903,1353515,"rs11248864",1.87819205892674e-09,0.00695865
"ENSG00000187535","IFT140",16,"Locus 43",0.366918472158366,0.227667244071436,0,0.594585716229801,1353515,"rs11248864",1.87819205892674e-09,0.00695865
"ENSG00000103249","CLCN7",16,"Locus 43",0.149968016243646,0.33090172733483,0,0.480869743578475,1353515,"rs11248864",1.87819205892674e-09,0.00695865
"ENSG00000131634","TMEM204",16,"Locus 43",0.0515392042313844,0.173768846979604,0,0.225308051210988,1353515,"rs11248864",1.87819205892674e-09,0.00695865
"ENSG00000095906","NUBP2",16,"Locus 43",0.0163054434827634,0.0275995413291695,0,0.0439049848119329,1353515,"rs11248864",1.87819205892674e-09,0.00695865
"ENSG00000100726","TELO2",16,"Locus 43",0.00539129690135892,0.0831950814872646,0,0.0885863783886235,1353515,"rs11248864",1.87819205892674e-09,0.00695865
"ENSG00000007520","TSR3",16,"Locus 43",0,0.152936530203962,0,0.152936530203962,1353515,"rs11248864",1.87819205892674e-09,0.00695865
"ENSG00000108924","HLF",17,"Locus 44",1,1,1,3,53376942,"rs17817857",1.71474679579013e-15,0.00532986
"ENSG00000166263","STXBP4",17,"Locus 44",0.585220102759325,0.107442384136394,0,0.692662486895719,53376942,"rs17817857",1.71474679579013e-15,0.00532986
"ENSG00000141198","TOM1L1",17,"Locus 44",0.387501868922314,0,0,0.387501868922314,53376942,"rs17817857",1.71474679579013e-15,0.00532986
"ENSG00000166260","COX11",17,"Locus 44",0.0914661198739593,0.0916190561148979,0,0.183085175988857,53376942,"rs17817857",1.71474679579013e-15,0.00532986
"ENSG00000141179","PCTP",17,"Locus 44",0.0436501468808609,0.00036628699870381,0,0.0440164338795647,53376942,"rs17817857",1.71474679579013e-15,0.00532986
"ENSG00000108960","MMD",17,"Locus 44",0.013207023114176,0.384840584058811,0,0.398047607172987,53376942,"rs17817857",1.71474679579013e-15,0.00532986
"ENSG00000166292","TMEM100",17,"Locus 44",0,0.1072072035542,0,0.1072072035542,53376942,"rs17817857",1.71474679579013e-15,0.00532986
"ENSG00000154240","CEP112",17,"Locus 45",1,0,0,1,64307014,"rs7210446",5.04661297563528e-16,0.00479078
"ENSG00000154229","PRKCA",17,"Locus 45",0.835617899083865,0.877007118026817,1,2.71262501711068,64307014,"rs7210446",5.04661297563528e-16,0.00479078
"ENSG00000091583","APOH",17,"Locus 45",0,1,0,1,64307014,"rs7210446",5.04661297563528e-16,0.00479078
"ENSG00000134775","FHOD3",18,"Locus 46",1,1,0,2,34219234,"rs2644260",4.38227876103672e-13,0.00539031
"ENSG00000150477","KIAA1328",18,"Locus 46",0.818281597016196,0.0575490624981932,0,0.87583065951439,34219234,"rs2644260",4.38227876103672e-13,0.00539031
"ENSG00000134759","ELP2",18,"Locus 46",0.533658507861025,0,0,0.533658507861025,34219234,"rs2644260",4.38227876103672e-13,0.00539031
"ENSG00000134779","TPGS2",18,"Locus 46",0.150368821665982,0.116826851732292,0,0.267195673398274,34219234,"rs2644260",4.38227876103672e-13,0.00539031
"ENSG00000075643","MOCOS",18,"Locus 46",0,0.00545791986185604,0,0.00545791986185604,34219234,"rs2644260",4.38227876103672e-13,0.00539031
"ENSG00000049759","NEDD4L",18,"Locus 47",1,1,1,3,55937757,"rs12604734",6.14752070319312e-12,0.00575183
"ENSG00000198796","ALPK2",18,"Locus 47",0.205922796268964,0.210119297404232,0,0.416042093673197,55937757,"rs12604734",6.14752070319312e-12,0.00575183
"ENSG00000172175","MALT1",18,"Locus 47",0.165191352541511,0.203618978587506,0,0.368810331129017,55937757,"rs12604734",6.14752070319312e-12,0.00575183
"ENSG00000081923","ATP8B1",18,"Locus 47",0,0,0,0,55937757,"rs12604734",6.14752070319312e-12,0.00575183
"ENSG00000104936","DMPK",19,"Locus 48",1,0.656959215452407,0,1.65695921545241,46310512,"rs12462616",1.77116899048172e-08,0.00585772
"ENSG00000124440","HIF3A",19,"Locus 48",0.750373109701092,0,0,0.750373109701092,46310512,"rs12462616",1.77116899048172e-08,0.00585772
"ENSG00000185800","DMWD",19,"Locus 48",0.543263326051565,1,0,1.54326332605156,46310512,"rs12462616",1.77116899048172e-08,0.00585772
"ENSG00000125753","VASP",19,"Locus 48",0.468188007223737,0.564147588598438,0,1.03233559582218,46310512,"rs12462616",1.77116899048172e-08,0.00585772
"ENSG00000125746","EML2",19,"Locus 48",0.424385087767617,0.685452075671736,0,1.10983716343935,46310512,"rs12462616",1.77116899048172e-08,0.00585772
"ENSG00000125741","OPA3",19,"Locus 48",0.273376637704554,0.798937591801124,0,1.07231422950568,46310512,"rs12462616",1.77116899048172e-08,0.00585772
"ENSG00000177051","FBXO46",19,"Locus 48",0.207346745474432,0.955074048305337,0,1.16242079377977,46310512,"rs12462616",1.77116899048172e-08,0.00585772
"ENSG00000104884","ERCC2",19,"Locus 48",0.164156668053185,0.385084318987509,0,0.549240987040695,46310512,"rs12462616",1.77116899048172e-08,0.00585772
"ENSG00000104967","NOVA2",19,"Locus 48",0.0431823388276072,0.226341538835327,0,0.269523877662934,46310512,"rs12462616",1.77116899048172e-08,0.00585772
"ENSG00000177045","SIX5",19,"Locus 48",0,0.711029387403505,0,0.711029387403505,46310512,"rs12462616",1.77116899048172e-08,0.00585772
"ENSG00000131069","ACSS2",20,"Locus 49",1,1,1,3,33500378,"rs2378294",2.47571130604429e-11,0.00486071
"ENSG00000078747","ITCH",20,"Locus 49",0.911400548451417,0.355413790090011,0,1.26681433854143,33500378,"rs2378294",2.47571130604429e-11,0.00486071
"ENSG00000198646","NCOA6",20,"Locus 49",0.827437023054458,0.777664789112836,0,1.60510181216729,33500378,"rs2378294",2.47571130604429e-11,0.00486071
"ENSG00000100991","TRPC4AP",20,"Locus 49",0.818321117629169,0.657940940471745,0,1.47626205810091,33500378,"rs2378294",2.47571130604429e-11,0.00486071
"ENSG00000101019","UQCC1",20,"Locus 49",0.72584427423613,0,0,0.72584427423613,33500378,"rs2378294",2.47571130604429e-11,0.00486071
"ENSG00000088298","EDEM2",20,"Locus 49",0.419658998598515,0.472817840204015,0,0.89247683880253,33500378,"rs2378294",2.47571130604429e-11,0.00486071
"ENSG00000131067","GGT7",20,"Locus 49",0.415848846916241,0.643895037061165,0,1.05974388397741,33500378,"rs2378294",2.47571130604429e-11,0.00486071
"ENSG00000101464","PIGU",20,"Locus 49",0.355160272162918,0.752528342059059,0,1.10768861422198,33500378,"rs2378294",2.47571130604429e-11,0.00486071
"ENSG00000078814","MYH7B",20,"Locus 49",0.239290326999933,0.762713210934831,0,1.00200353793476,33500378,"rs2378294",2.47571130604429e-11,0.00486071
"ENSG00000100983","GSS",20,"Locus 49",0,0.847735415855664,0,0.847735415855664,33500378,"rs2378294",2.47571130604429e-11,0.00486071
"ENSG00000099991","CABIN1",22,"Locus 50",1,0.19782809138408,0,1.19782809138408,24176287,"rs5030613",8.10027941680351e-17,0.00694279
"ENSG00000100014","SPECC1L",22,"Locus 50",0.826163093161782,0.0911930268553565,0,0.917356120017139,24176287,"rs5030613",8.10027941680351e-17,0.00694279
"ENSG00000099998","GGT5",22,"Locus 50",0.258870981340716,0.202133698086982,0,0.461004679427698,24176287,"rs5030613",8.10027941680351e-17,0.00694279
"ENSG00000250479","CHCHD10",22,"Locus 50",0.14578880255201,0.821393465999551,0,0.967182268551561,24176287,"rs5030613",8.10027941680351e-17,0.00694279
"ENSG00000099953","MMP11",22,"Locus 50",0.127243564924234,0.582494593763931,0,0.709738158688165,24176287,"rs5030613",8.10027941680351e-17,0.00694279
"ENSG00000099956","SMARCB1",22,"Locus 50",0.0664125663213393,1,0,1.06641256632134,24176287,"rs5030613",8.10027941680351e-17,0.00694279
"ENSG00000187792","ZNF70",22,"Locus 50",0.0311711456520821,0.254590109010763,0,0.285761254662845,24176287,"rs5030613",8.10027941680351e-17,0.00694279
"ENSG00000099977","DDT",22,"Locus 50",0.0273009556638077,0.0299260432443508,0,0.0572269989081585,24176287,"rs5030613",8.10027941680351e-17,0.00694279
"ENSG00000099994","SUSD2",22,"Locus 50",0.000609476726739787,0.283386449660397,0,0.283995926387137,24176287,"rs5030613",8.10027941680351e-17,0.00694279
"ENSG00000099984","GSTT2",22,"Locus 50",0,0,0,0,24176287,"rs5030613",8.10027941680351e-17,0.00694279
