"lead_snp","CHR","BP","nsnps","PP.H0","PP.H1","PP.H2","PP.H3","PP.H4"
"rs10864434",1,6262231,4736,1.52509642484284e-07,0.0107930860078996,1.53179829288492e-07,0.00986116959532693,0.979345438707302
"rs1048334",1,16340761,4751,4.02775861128694e-34,8.80102797516222e-14,1.80843055713332e-22,0.0385544476788849,0.961445552321034
"rs1762951",1,16956468,3960,0.0144544110913964,0.809360383484403,0.00171637673084953,0.0960283687556204,0.0784404599377306
"rs74139614",1,214285221,4498,3.79732789365135e-06,0.00417920853503745,3.6596925916569e-06,0.00303495347232303,0.992778380972155
"rs12724121",1,236852282,5763,1.44434560420425e-09,0.112626693560768,3.14378830381049e-10,0.0236508037234132,0.863722500957092
"rs4451608",10,69933238,4640,6.22783735615009e-06,0.0221608123535895,1.94070101219946e-05,0.0681472285596686,0.909666324239264
"rs4745763",10,76834921,3101,0.00153221250107549,0.376614213606346,0.00072833447747575,0.178580349313137,0.442544890101966
"rs12251655",10,88450058,4726,6.14718771141888e-08,4.34051760273834e-05,5.94102260257718e-05,0.040990541516178,0.95890658160989
"rs72840788",10,121415685,4565,6.92871025835844e-76,7.37039637577986e-23,4.49748643962474e-56,0.00378797673896071,0.996212023261025
"rs2697821",11,14079358,4067,0.000337759708400622,0.418749407659655,0.000265158690356501,0.328487597096602,0.252160076844986
"rs658286",11,100942792,5319,0.00024671432750527,0.222534707843273,0.000141262466364559,0.126767509822247,0.650309805540609
"rs111504524",12,26300291,4762,0.000126056942420596,0.234814881741297,3.417232578996e-05,0.0629530548499688,0.702071834140524
"rs116904997",12,120668534,3986,2.09592931920229e-06,0.228744103607223,3.93201154798125e-07,0.0421838497225122,0.72906955753979
"rs4901313",14,53387109,3993,3.72856102039892e-07,0.00906159454269645,1.59067740676078e-06,0.0377053120169929,0.953231129906802
"rs12888084",14,89884991,4271,4.17017090858037e-05,0.0868878515675213,1.38574117757161e-05,0.027987626278331,0.885068963033286
"rs5015437",16,987371,6329,6.04609389828685e-06,0.416632806590671,4.1182606943437e-06,0.28348707418151,0.299869954873227
"rs11248864",16,1353515,6486,5.98637348761003e-06,0.41380859089155,4.16378353459496e-06,0.287523242972036,0.298658015979391
"rs17817857",17,53376942,4073,9.00806624563335e-14,4.55645560967769e-05,1.42865414496564e-11,0.00623268957885899,0.993721745850666
"rs7210446",17,64307014,5136,3.39982700696808e-12,0.0249069605098311,7.78272392647626e-12,0.0560968452289664,0.918996194250021
"rs2644260",18,34219234,3630,3.07800720362381e-10,0.000663648548695354,4.19607552730783e-09,0.00805586999961838,0.99128047694781
"rs12604734",18,55937757,4970,9.2039830884712e-07,0.196497279069301,6.44127165967292e-07,0.136849067214697,0.666652089190527
"rs12462616",19,46310512,4726,9.92139747246162e-07,0.000225920984330014,0.000165762821917468,0.03678316878258,0.962824155271424
"rs62151166",2,70312306,3589,6.68808327433693e-06,0.0681832127382272,8.19857526549165e-06,0.0827332042131538,0.84906869639008
"rs2579547",2,96759437,1996,2.79903078033041e-05,0.00814654660715809,0.000431771327763929,0.12479995019148,0.866593741565794
"rs2732839",2,103378560,3556,1.58101892215939e-08,0.000607441044366958,1.10000978670386e-07,0.00323016978291552,0.99616226336155
"rs2255167",2,179558282,3899,2.94538703161703e-38,4.02622821197056e-13,3.32048704261961e-28,0.00354251768970273,0.996457482309899
"rs2378294",20,33500378,2956,4.44038576143442e-10,0.000356410148582167,1.52478371892945e-07,0.121509519096296,0.878133917832712
"rs5030613",22,24176287,5203,2.61769914000539e-15,0.00016765965908178,4.83007256200005e-13,0.0299660157525067,0.969866324587923
"rs62231957",3,14297855,4652,1.67325616101106e-12,0.0053428194016798,1.29942688588517e-11,0.0405374542402908,0.954119726343361
"rs534958",3,53492956,3807,0.00243259631678992,0.188019741610157,0.000900207814016111,0.0688388713725722,0.739808582886465
"rs11711610",3,73573357,4670,6.09376843210888e-09,0.00123074701017904,4.59089335943569e-08,0.0082816538857836,0.990487547101337
"rs1282945",3,111635119,4877,3.00009384944604e-05,0.0492523590845595,3.12192774867739e-05,0.0503521645756379,0.900334256123821
"rs17694541",3,134403049,3952,2.78742089618797e-06,0.00264011437554117,0.000108097324961354,0.101488957664223,0.895760043214377
"rs4875",3,158320597,4070,6.11731124746115e-12,0.00125863411384946,3.49215008939642e-10,0.0709230170167937,0.927818348514024
"rs2292804",4,16037084,4712,2.13973675108981e-14,1.0369444120514e-06,2.68128202227186e-10,0.0120058502128372,0.987993112574601
"rs4235408",4,103877060,4181,9.39755185141153e-07,0.0257419268270605,9.11139148576503e-06,0.248855324310018,0.725392697716251
"rs72801474",5,132444128,3957,0.000509255415625555,0.0277634814443959,0.00016855944179742,0.00822615624545853,0.963332547452723
"rs4835728",5,138754741,2458,1.99451908640177e-07,0.00230663923245386,3.88852707321381e-06,0.0440167123543338,0.953672560434231
"rs12521291",5,143507425,4195,5.41511260997092e-08,0.0294401720822006,1.04045933721763e-07,0.0556514166573691,0.914908253063372
"rs149405105",6,30976349,16355,0.00751689494001432,0.293560996922742,0.00212005833200356,0.082566076411693,0.614235973393547
"rs730506",6,36645968,4957,3.56941594182101e-18,2.17847121200692e-07,6.04939322428624e-14,0.00269473566942544,0.997305046483393
"rs6902979",6,91323735,3953,7.22314491991311e-06,0.034297488675952,1.96449482489974e-05,0.0924063752054175,0.873269268025461
"rs1320759",6,122171460,4183,2.5829493736253e-08,0.020040288038233,9.06724310756801e-08,0.0694393539929266,0.910520241466916
"rs2195883",7,46624237,5568,4.34485987840881e-05,0.00489468337437143,0.000156745337751666,0.0166798539368835,0.97822526875221
"rs13225723",7,106416467,4224,0.00234411257693664,0.0438929781445644,0.000751854402634564,0.013138431117891,0.939872623757973
"rs34373805",7,128486363,4652,5.82418337926927e-11,0.000702968524021435,4.85223241934531e-09,0.0576239049159033,0.941673121649601
"rs9329259",8,11892020,4246,3.01923351878106e-16,3.65942985759606e-06,2.66412189746124e-11,0.322224287532664,0.677772053010838
"rs58310472",8,124548067,3957,5.74511293343132e-11,9.90274927317424e-05,1.29394190116791e-09,0.00123167541110281,0.998669295744772
"rs12541595",8,125857359,4593,2.43317276020959e-32,4.8977535384716e-13,4.24391414517582e-22,0.00755015998260587,0.99244984001691
"rs11784619",8,145013775,3180,4.39612207125851e-14,3.59501009546519e-05,7.19013870324255e-12,0.00488478958932486,0.995079260302485
