"CHR","BP","end_pos","effect_allele","other_allele","strand","uni_id","SNP","effect_size","standard_error","P","effect_allele_freq","number_of_samples","imputation_info","het_i_square","het_pvalue","het_chi_square","het_df","source_row_idx","analysis_type","analysis_id","map_info","ensembl_vep","sift","polyphen","clin_var","ld_clump_080","ld_clump_050","ld_clump_001","sojo_indep","P_raw","pval","id"
1,16013277,16013277,"C","G","+","1_16013277_C_G","rs1763604",0.0638397,0.00660571,21.3691,0.41244,0,0.995677,NA,NA,NA,0,60010,"trait",1520632963,0,0,0,0,0,1,1,1,1,4.27464447492394e-22,4.27464447492394e-22,"k5TO1S"
10,119656173,119656173,"A","G","+","10_119656173_A_G","rs72840788",0.0877976,0.00795576,27.5901,0.218885,0,0.97971,NA,NA,NA,0,6249076,"trait",1520632963,0,0,0,0,0,1,1,1,1,2.56980399540227e-28,2.56980399540227e-28,"k5TO1S"
14,52899605,52899605,"C","T","+","14_52899605_C_T","rs1977350",-0.0487714,0.00830925,8.35948,0.813379,0,0.999287,NA,NA,NA,0,7752515,"trait",1520632963,0,0,0,0,0,1,1,1,1,4.37038804987942e-09,4.37038804987942e-09,"k5TO1S"
17,55296189,55296189,"A","T","+","17_55296189_A_T","rs11079159",-0.0415762,0.00732474,7.86084,0.728154,0,0.98297,NA,NA,NA,0,8705898,"trait",1520632963,0,0,0,0,0,1,1,1,1,1.37771694508766e-08,1.37771694508766e-08,"k5TO1S"
18,36639271,36639271,"G","T","+","18_36639271_G_T","rs2644260",-0.0520732,0.0074844,11.4607,0.741646,0,0.983377,NA,NA,NA,0,8914755,"trait",1520632963,0,0,0,0,0,1,1,1,1,3.46178426837559e-12,3.46178426837559e-12,"k5TO1S"
18,58289633,58289633,"G","T","+","18_58289633_G_T","rs10871753",-0.0357537,0.00652686,7.36619,0.489474,0,0.990624,NA,NA,NA,0,8988498,"trait",1520632963,0,0,0,0,0,1,1,1,1,4.30338300097245e-08,4.30338300097245e-08,"k5TO1S"
2,102809718,102809718,"C","T","+","2_102809718_C_T","rs2540277",0.0721694,0.0130281,7.51815,0.93265,0,1,NA,NA,NA,0,1114395,"trait",1520632963,0,0,0,0,0,1,1,1,1,3.03284349624181e-08,3.03284349624181e-08,"k5TO1S"
2,178649706,178649706,"C","T","+","2_178649706_C_T","rs2562845",0.0729854,0.00825338,18.031,0.19176,0,0.997897,NA,NA,NA,0,1363920,"trait",1520632963,0,0,0,0,0,1,1,1,1,9.31107875467833e-19,9.31107875467833e-19,"k5TO1S"
20,34996486,34996486,"C","T","+","20_34996486_C_T","rs3746438",0.0390849,0.00654879,8.62016,0.562797,0,1,NA,NA,NA,0,9427359,"trait",1520632963,0,0,0,0,0,1,1,1,1,2.39794931908742e-09,2.39794931908742e-09,"k5TO1S"
22,23827009,23827009,"C","G","+","22_23827009_C_G","rs2267038",-0.050546,0.00832284,8.90167,0.812271,0,0.998187,NA,NA,NA,0,9703217,"trait",1520632963,0,0,0,0,0,1,1,1,1,1.25409373998264e-09,1.25409373998264e-09,"k5TO1S"
4,16034172,16034172,"A","C","+","4_16034172_A_C","rs13133886",0.0524806,0.00788149,10.5587,0.217398,0,0.997208,NA,NA,NA,0,2342832,"trait",1520632963,0,0,0,0,0,1,1,1,1,2.76248545463158e-11,2.76248545463158e-11,"k5TO1S"
6,36678211,36678211,"C","G","+","6_36678211_C_G","rs4151702",0.051629,0.00821547,9.48254,0.195964,0,0.996037,NA,NA,NA,0,3794779,"trait",1520632963,0,0,0,0,0,1,1,1,1,3.2920013148444e-10,3.2920013148444e-10,"k5TO1S"
7,46584639,46584639,"A","G","+","7_46584639_A_G","rs2195883",-0.0369697,0.00667138,7.52314,0.400092,0,0.993154,NA,NA,NA,0,4470895,"trait",1520632963,0,0,0,0,0,1,1,1,1,2.99819585903612e-08,2.99819585903612e-08,"k5TO1S"
7,128810478,128810478,"A","G","+","7_128810478_A_G","rs7799186",-0.0389268,0.00650515,8.66208,0.481829,0,0.997888,NA,NA,NA,0,4739143,"trait",1520632963,0,0,0,0,0,1,1,1,1,2.17730866033338e-09,2.17730866033338e-09,"k5TO1S"
8,12014535,12014535,"A","C","+","8_12014535_A_C","rs9694819",0.0412353,0.00660044,9.37938,0.482842,0,0.973641,NA,NA,NA,0,4927354,"trait",1520632963,0,0,0,0,0,1,1,1,1,4.17464932354229e-10,4.17464932354229e-10,"k5TO1S"
8,124845117,124845117,"G","T","+","8_124845117_G_T","rs12541595",-0.062064,0.00706392,17.8099,0.689781,0,0.992491,NA,NA,NA,0,5310539,"trait",1520632963,0,0,0,0,0,1,1,1,1,1.54917328817983e-18,1.54917328817983e-18,"k5TO1S"
8,143939607,143939607,"A","G","+","8_143939607_A_G","rs11784619",0.0910766,0.0140917,9.98912,0.058206,0,0.964977,NA,NA,NA,0,5385839,"trait",1520632963,0,0,0,0,0,1,1,1,1,1.02536856730038e-10,1.02536856730038e-10,"k5TO1S"
