"SNP","CHR","BP","P_80k","overlaps_40k","overlaps_published","novelty","end_pos","effect_allele","other_allele","strand","uni_id","effect_size","standard_error","P","effect_allele_freq","number_of_samples","imputation_info","het_i_square","het_pvalue","het_chi_square","het_df","source_row_idx","analysis_type","analysis_id","map_info","ensembl_vep","sift","polyphen","clin_var","ld_clump_080","ld_clump_050","ld_clump_001","sojo_indep","pval","id"
"rs10864434",1,6202171,10.9186,FALSE,FALSE,"Novel (no overlaps)",6202171,"A","T","+","1_6202171_A_T",-0.0332848,0.00490963,10.9186,0.40212,78078,NA,NA,NA,NA,0,21715241,"trait",1.503792964883e-314,1,0,0,0,0,1,1,1,1,1.2061463307641e-11,"F06b74"
"rs74139614",1,214111878,7.86743,FALSE,FALSE,"Novel (no overlaps)",214111878,"C","T","+","1_214111878_C_T",0.0642112,0.0113073,7.86743,0.04574,78078,NA,NA,NA,NA,0,25583022,"trait",1.503792964883e-314,1,0,0,0,0,1,1,1,1,1.35696923027274e-08,"F06b74"
"rs4451608",10,68173481,8.3279,FALSE,FALSE,"Novel (no overlaps)",68173481,"A","C","+","10_68173481_A_C",0.0278225,0.00474992,8.3279,0.480778,78078,NA,NA,NA,NA,0,1519651,"trait",1.503792964883e-314,0,0,0,0,0,1,1,1,1,4.70002318179801e-09,"F06b74"
"rs4745763",10,75075163,8.45985,FALSE,FALSE,"Novel (no overlaps)",75075163,"A","C","+","10_75075163_A_C",-0.0315858,0.00534653,8.45985,0.270125,78078,NA,NA,NA,NA,0,1665506,"trait",1.503792964883e-314,1,0,0,0,0,1,1,1,1,3.46856629801959e-09,"F06b74"
"rs12251655",10,86690301,7.95614,FALSE,FALSE,"Novel (no overlaps)",86690301,"A","C","+","10_86690301_A_C",-0.0502457,0.0087941,7.95614,0.920677,78078,NA,NA,NA,NA,0,1925054,"trait",1.503792964883e-314,0,0,0,0,0,1,1,1,1,1.10626710811012e-08,"F06b74"
"rs2697821",11,14057811,7.8357,FALSE,FALSE,"Novel (no overlaps)",14057811,"A","G","+","11_14057811_A_G",-0.0268609,0.00474052,7.8357,0.515976,78078,NA,NA,NA,NA,0,3318553,"trait",1.503792964883e-314,0,0,0,0,0,1,1,1,1,1.45982232159806e-08,"F06b74"
"rs658286",11,101072061,9.32514,FALSE,FALSE,"Novel (no overlaps)",101072061,"G","T","+","11_101072061_G_T",-0.0295696,0.00474799,9.32514,0.500128,78078,NA,NA,NA,NA,0,5192501,"trait",1.503792964883e-314,0,0,0,0,0,1,1,1,1,4.72998757598131e-10,"F06b74"
"rs116904997",12,120230731,10.8497,FALSE,FALSE,"Novel (no overlaps)",120230731,"A","G","+","12_120230731_A_G",0.106489,0.015761,10.8497,0.977001,78078,NA,NA,NA,NA,0,8523333,"trait",1.503792964883e-314,0,0,0,0,0,1,1,1,1,1.41351362807929e-11,"F06b74"
"rs12888084",14,89418647,8.97581,FALSE,FALSE,"Novel (no overlaps)",89418647,"A","G","+","14_89418647_A_G",0.0289712,0.00474897,8.97581,0.536521,78078,NA,NA,NA,NA,0,12540813,"trait",1.503792964883e-314,1,0,0,0,0,1,1,1,1,1.05727995869118e-09,"F06b74"
"rs7210446",17,66310896,15.297,FALSE,FALSE,"Novel (no overlaps)",66310896,"A","G","+","17_66310896_A_G",-0.038855,0.00479078,15.297,0.419671,78078,NA,NA,NA,NA,0,18068624,"trait",1.503792964883e-314,0,0,0,0,0,1,1,1,1,5.04661297563528e-16,"F06b74"
"rs12462616",19,45807254,7.75174,FALSE,FALSE,"Novel (no overlaps)",45807254,"A","C","+","19_45807254_A_C",0.0329964,0.00585772,7.75174,0.201255,78078,NA,NA,NA,NA,0,21232798,"trait",1.503792964883e-314,0,0,0,0,0,1,1,1,1,1.77116899048172e-08,"F06b74"
"rs62151166",2,70085174,9.71492,FALSE,FALSE,"Novel (no overlaps)",70085174,"C","T","+","2_70085174_C_T",0.0382872,0.00601339,9.71492,0.803753,78078,NA,NA,NA,NA,0,31052017,"trait",1.503792964883e-314,0,0,0,0,0,1,1,1,1,1.927880009106e-10,"F06b74"
"rs2579547",2,96093689,7.39921,FALSE,FALSE,"Novel (no overlaps)",96093689,"C","T","+","2_96093689_C_T",-0.0265107,0.0048277,7.39921,0.576952,78078,NA,NA,NA,NA,0,31518027,"trait",1.503792964883e-314,0,0,0,0,0,1,1,1,1,3.98832003357068e-08,"F06b74"
"rs534958",3,53458929,7.65462,FALSE,FALSE,"Novel (no overlaps)",53458929,"G","T","+","3_53458929_G_T",0.0273329,0.00488585,7.65462,0.38013,78078,NA,NA,NA,NA,0,35837710,"trait",1.503792964883e-314,0,0,0,0,0,1,1,1,1,2.21503197579622e-08,"F06b74"
"rs11711610",3,73524206,11.3484,FALSE,FALSE,"Novel (no overlaps)",73524206,"C","T","+","3_73524206_C_T",0.0349413,0.00504857,11.3484,0.334965,78078,NA,NA,NA,NA,0,36306017,"trait",1.503792964883e-314,1,0,0,0,0,1,1,1,1,4.48332270432733e-12,"F06b74"
"rs1282945",3,111916272,9.2141,FALSE,FALSE,"Novel (no overlaps)",111916272,"A","T","+","3_111916272_A_T",0.0319872,0.00516956,9.2141,0.704284,78078,NA,NA,NA,NA,0,37077026,"trait",1.503792964883e-314,1,0,0,0,0,1,1,1,1,6.10801366500168e-10,"F06b74"
"rs17694541",3,134684207,8.34618,FALSE,FALSE,"Novel (no overlaps)",134684207,"C","T","+","3_134684207_C_T",-0.0531207,0.00905808,8.34618,0.925552,78078,NA,NA,NA,NA,0,37562270,"trait",1.503792964883e-314,0,0,0,0,0,1,1,1,1,4.50629895368856e-09,"F06b74"
"rs4875",3,158602808,13.2424,FALSE,FALSE,"Novel (no overlaps)",158602808,"C","T","+","3_158602808_C_T",0.0355581,0.00473206,13.2424,0.473347,78078,NA,NA,NA,NA,0,38063490,"trait",1.503792964883e-314,0,0,0,0,0,1,1,1,1,5.72268709222843e-14,"F06b74"
"rs4235408",4,102955903,8.68223,FALSE,FALSE,"Novel (no overlaps)",102955903,"A","G","+","4_102955903_A_G",-0.0288076,0.00480804,8.68223,0.527151,78078,NA,NA,NA,NA,0,41286364,"trait",1.503792964883e-314,0,0,0,0,0,1,1,1,1,2.07859558262328e-09,"F06b74"
"rs72801474",5,133108436,7.45411,FALSE,FALSE,"Novel (no overlaps)",133108436,"A","G","+","5_133108436_A_G",-0.0451326,0.00818561,7.45411,0.909046,78078,NA,NA,NA,NA,0,46089106,"trait",1.503792964883e-314,0,0,0,0,0,1,1,1,1,3.51471407042908e-08,"F06b74"
"rs4835728",5,139419052,9.07317,FALSE,FALSE,"Novel (no overlaps)",139419052,"C","T","+","5_139419052_C_T",0.0318522,0.00519082,9.07317,0.297406,78078,NA,NA,NA,NA,0,46217726,"trait",1.503792964883e-314,0,0,0,0,0,1,1,1,1,8.44948034411098e-10,"F06b74"
"rs12521291",5,144127860,11.088,FALSE,FALSE,"Novel (no overlaps)",144127860,"A","G","+","5_144127860_A_G",0.0342556,0.00501133,11.088,0.335733,78078,NA,NA,NA,NA,0,46313981,"trait",1.503792964883e-314,0,0,0,0,0,1,1,1,1,8.16582371358594e-12,"F06b74"
"rs149405105",6,31008572,7.79714,FALSE,FALSE,"Novel (no overlaps)",31008572,"A","G","+","6_31008572_A_G",0.0582923,0.0103154,7.79714,0.941681,78078,NA,NA,NA,NA,0,47872223,"trait",1.503792964883e-314,0,0,0,0,0,1,1,1,1,1.59536477949262e-08,"F06b74"
"rs6902979",6,90614016,8.6986,FALSE,FALSE,"Novel (no overlaps)",90614016,"C","T","+","6_90614016_C_T",-0.0323763,0.00539815,8.6986,0.263557,78078,NA,NA,NA,NA,0,49179468,"trait",1.503792964883e-314,1,0,0,0,0,1,1,1,1,2.00170465898996e-09,"F06b74"
"rs1320759",6,121850314,10.7524,FALSE,FALSE,"Novel (no overlaps)",121850314,"A","G","+","6_121850314_A_G",-0.0526212,0.00782591,10.7524,0.103167,78078,NA,NA,NA,NA,0,49823238,"trait",1.503792964883e-314,1,0,0,0,0,1,1,1,1,1.7684793782818e-11,"F06b74"
"rs13225723",7,106776021,7.32906,FALSE,FALSE,"Novel (no overlaps)",106776021,"A","G","+","7_106776021_A_G",-0.0465587,0.00852289,7.32906,0.888165,78078,NA,NA,NA,NA,0,53271471,"trait",1.503792964883e-314,0,0,0,0,0,1,1,1,1,4.68748617656833e-08,"F06b74"
"rs58310472",8,123535827,8.74127,FALSE,FALSE,"Novel (no overlaps)",123535827,"G","T","+","8_123535827_G_T",0.0308536,0.00513063,8.74127,0.334581,78078,NA,NA,NA,NA,0,57311617,"trait",1.503792964883e-314,1,0,0,0,0,1,1,1,1,1.81438731114512e-09,"F06b74"
