"chr","rsid","effect_allele","other_allele","beta","p_value","prioritised_gene"
1,"rs10864434","A","T",-0.0332848,1.2061463307641e-11,"CHD5"
1,"rs1048334","C","T",0.0510727,1.66073370550406e-26,"FBXO42"
1,"rs1762951","A","T",-0.0357509,2.04814170065073e-08,"FBXO42"
1,"rs74139614","C","T",0.0642112,1.35696923027274e-08,"SMYD2"
1,"rs12724121","A","T",-0.0380771,8.13954259097269e-15,"ACTN2"
10,"rs4451608","A","C",0.0278225,4.70002318179801e-09,"RUFY2"
10,"rs4745763","A","C",-0.0315858,3.46856629801959e-09,"KAT6B"
10,"rs12251655","A","C",-0.0502457,1.10626710811012e-08,"BMPR1A"
10,"rs72840788","A","G",-0.0948256,5.48529513941199e-60,"RGS10"
11,"rs2697821","A","G",-0.0268609,1.45982232159806e-08,"FAR1"
11,"rs658286","G","T",-0.0295696,4.72998757598131e-10,"ARHGAP42"
12,"rs111504524","C","T",-0.0510975,1.17785003722532e-09,"ITPR2"
12,"rs116904997","A","G",0.106489,1.41351362807929e-11,"CIT"
14,"rs4901313","G","T",0.0381618,3.10663334909001e-10,"DDHD1"
14,"rs12888084","A","G",0.0289712,1.05727995869118e-09,"FOXN3"
16,"rs5015437","A","G",-0.0307352,2.77581168737237e-10,"CACNA1H"
16,"rs11248864","C","T",-0.0418076,1.87819205892674e-09,"CACNA1H"
17,"rs17817857","C","T",0.0424278,1.71474679579013e-15,"HLF"
17,"rs7210446","A","G",-0.038855,5.04661297563528e-16,"CEP112"
18,"rs2644260","G","T",0.0390431,4.38227876103672e-13,"FHOD3"
18,"rs12604734","C","T",0.0395507,6.14752070319312e-12,"NEDD4L"
19,"rs12462616","A","C",0.0329964,1.77116899048172e-08,"SYMPK"
2,"rs62151166","C","T",0.0382872,1.927880009106e-10,"AAK1"
2,"rs2579547","C","T",-0.0265107,3.98832003357068e-08,"TMEM127"
2,"rs2732839","C","T",0.0630708,1.0015669843021e-10,"SLC9A2"
2,"rs2255167","A","T",-0.0701998,6.05480275689862e-32,"OSBPL6"
20,"rs2378294","A","G",-0.0324443,2.47571130604429e-11,"TRPC4AP"
22,"rs5030613","A","G",-0.0578319,8.10027941680351e-17,"CABIN1"
3,"rs62231957","A","G",0.0460184,1.15371888082859e-15,"SLC6A6"
3,"rs534958","G","T",0.0273329,2.21503197579622e-08,"CACNA1D"
3,"rs11711610","C","T",0.0349413,4.48332270432733e-12,"PDZRN3"
3,"rs1282945","A","T",0.0319872,6.10801366500168e-10,"PHLDB2"
3,"rs17694541","C","T",-0.0531207,4.50629895368856e-09,"EPHB1"
3,"rs4875","C","T",0.0355581,5.72268709222843e-14,"RSRC1"
4,"rs2292804","C","G",-0.042898,4.65586093522958e-14,"LDB2"
4,"rs4235408","A","G",-0.0288076,2.07859558262328e-09,"NFKB1"
5,"rs72801474","A","G",-0.0451326,3.51471407042908e-08,"AFF4"
5,"rs4835728","C","T",0.0318522,8.44948034411098e-10,"NRG2"
5,"rs12521291","A","G",0.0342556,8.16582371358594e-12,"YIPF5"
6,"rs149405105","A","G",0.0582923,1.59536477949262e-08,"ATAT1"
6,"rs730506","C","G",-0.0504477,1.36867394559267e-17,"CPNE5"
6,"rs6902979","C","T",-0.0323763,2.00170465898996e-09,"BACH2"
6,"rs1320759","A","G",-0.0526212,1.7684793782818e-11,"GJA1"
7,"rs2195883","A","G",0.0268135,3.23742711634235e-08,NA
7,"rs13225723","A","G",-0.0465587,4.68748617656833e-08,"COG5"
7,"rs34373805","C","T",0.0474022,2.02022620415877e-13,"AHCYL2"
8,"rs9329259","C","T",0.0393734,2.4951691947416e-16,"CTSB"
8,"rs58310472","G","T",0.0308536,1.81438731114512e-09,"ATAD2"
8,"rs12541595","G","T",0.0541425,7.03396171216249e-26,"MTSS1"
8,"rs11784619","A","G",-0.0825308,1.53179271589342e-15,"NRBP2"
