"lead_snp","CHR","BP","nsnps","PP.H0","PP.H1","PP.H2","PP.H3","PP.H4"
"rs10864434",1,6202171,3670,9.57815676981966e-06,0.68170080214036,3.51518353452382e-06,0.250116024305299,0.068170080214036
"rs1048334",1,16014266,3830,3.08611869769432e-21,0.674354305752241,1.18198346121693e-21,0.258210263672534,0.0674354305752238
"rs1762951",1,16629973,3640,0.0120047628633501,0.671921240149184,0.00436973368225945,0.244512139290288,0.0671921240149183
"rs74139614",1,214111878,3629,0.000620670282663297,0.683042171501065,0.000225241245578511,0.247807699820587,0.0683042171501064
"rs12724121",1,236688982,4932,8.04980964481862e-09,0.627706978833734,3.97016611682455e-09,0.309522311262915,0.0627706978833734
"rs4451608",10,68173481,3877,0.000188650281437762,0.672047734609068,7.31397141134203e-05,0.260485701934475,0.0672047734609067
"rs4745763",10,75075163,2240,0.00306225125907329,0.752512881984209,0.000685944282032418,0.168487634276264,0.0752512881984208
"rs12251655",10,86690301,3736,0.000959951369276463,0.67776139178769,0.000358637831561687,0.253143879832703,0.067776139178769
"rs72840788",10,119656173,3729,6.38286982551538e-54,0.678978815860939,2.3801721579347e-54,0.253123302552962,0.0678978815860945
"rs2697821",11,14057811,3271,0.000563814338850597,0.700246504548641,0.00018442367023803,0.228980606987406,0.0700246504548641
"rs658286",11,101072061,4591,0.000710438843814256,0.640771904222571,0.000326162473195126,0.294114304038162,0.0640771904222571
"rs111504524",12,26147358,3987,0.000358054739907978,0.666955284155406,0.000142756424801311,0.265848376264345,0.0666955284155405
"rs116904997",12,120230731,3121,6.48213539473475e-06,0.7082092739307,2.02307445669671e-06,0.220961293466379,0.07082092739307
"rs4901313",14,52920391,3181,2.90156817048144e-05,0.705191646283459,9.22988835030147e-06,0.224250943518139,0.0705191646283458
"rs12888084",14,89418647,3552,0.000329697605484046,0.686930928324547,0.000117108589467933,0.243929172648046,0.0686930928324547
"rs5015437",16,937371,5148,8.98730625476154e-06,0.619301657291438,4.62666525995125e-06,0.318754563007904,0.0619301657291437
"rs11248864",16,1303514,5194,8.93384944841569e-06,0.617542410862193,4.64024140350711e-06,0.320689773960736,0.0617542410862193
"rs17817857",17,55299581,3383,1.37460510965603e-09,0.695313585148356,4.65028908596637e-10,0.235155054497175,0.0695313585148358
"rs7210446",17,66310896,4529,8.79064739106867e-11,0.643997939124345,3.98128420341501e-11,0.291602266835502,0.0643997939124342
"rs2644260",18,36639271,2875,3.34291077568447e-07,0.720772358080032,9.61086848009288e-08,0.207149975712202,0.0720772358080032
"rs12604734",18,58270525,4109,3.10039963978673e-06,0.66189808422435,1.27395421198837e-06,0.271907732999364,0.066189808422435
"rs12462616",19,45807254,3969,0.00292322617520406,0.665363806357468,0.00116022846893849,0.264016358362643,0.0665363806357467
"rs62151166",2,70085174,2786,7.10935380118492e-05,0.725360246501486,1.98066596901012e-05,0.202012828650664,0.0725360246501486
"rs2579547",2,96093689,1475,0.00274712722972229,0.799140349129304,0.000405201266384039,0.11779328746166,0.0799140349129303
"rs2732839",2,102762101,2844,1.88014398819586e-05,0.722369321267511,5.34712950242903e-06,0.205369598036353,0.072236932126751
"rs2255167",2,178693555,2928,5.25271885478503e-26,0.718029726430675,1.53799608068106e-26,0.210167300926257,0.0718029726430672
"rs2378294",20,34912575,2339,9.3408367934928e-07,0.749736727720909,2.18482172599797e-07,0.175288446941148,0.0749736727720908
"rs5030613",22,23834100,4609,9.84255494288369e-12,0.64069707841211,4.5364335731751e-12,0.295233213732299,0.0640697078412107
"rs62231957",3,14256355,3461,1.80105236086207e-10,0.691562932059171,6.23344222094363e-11,0.239280774492473,0.0691562932059168
"rs534958",3,53458929,2969,0.00915986441385364,0.707417362429606,0.00271956374447315,0.209961473169107,0.0707417362429605
"rs11711610",3,73524206,3724,3.36307508875858e-06,0.679206265377809,1.2524091630537e-06,0.252868492600159,0.0679206265377808
"rs1282945",3,111916272,4026,0.000405186370022275,0.665179158467492,0.000163128032570968,0.267734611283166,0.0665179158467491
"rs17694541",3,134684207,3178,0.00074402684761802,0.704676251266283,0.000236451732173007,0.223875645027298,0.0704676251266282
"rs4875",3,158602808,3548,3.34126313543475e-09,0.687426957773601,1.18548016045225e-09,0.243830341922297,0.0687426957773603
"rs2292804",4,16035461,3686,1.40516069758757e-08,0.680966960006108,5.17942233130779e-09,0.250936324762251,0.0680966960006109
"rs4235408",4,102955903,2571,2.68752602474885e-05,0.736894779005411,6.9096294096293e-06,0.189381958204391,0.073689477900541
"rs72801474",5,133108436,3026,0.0128784315511256,0.701051376157935,0.00389701338737062,0.212068041287775,0.0701051376157935
"rs4835728",5,139419052,1873,6.71782927063155e-05,0.776818085156206,1.25824942238929e-05,0.145420345541242,0.0776818085156205
"rs12521291",5,144127860,3109,1.30376453064818e-06,0.708816480645788,4.05340392578519e-07,0.220300162184711,0.0708816480645787
"rs149405105",6,31008572,14147,0.0101422746394649,0.457525096937992,0.0101415577696148,0.457460419938142,0.064730650714787
"rs730506",6,36678191,3774,1.10912467676786e-11,0.676910580102025,4.18583653012193e-12,0.255398361872494,0.0676910580102022
"rs6902979",6,90614016,3341,0.000146836288899157,0.697213462836108,4.90580041212084e-05,0.232869296587261,0.0697213462836107
"rs1320759",6,121850314,3487,8.89801399511437e-07,0.690320861469593,3.10273748009638e-07,0.2406458523083,0.0690320861469592
"rs2195883",7,46584639,4407,0.00571929801977351,0.643749323213626,0.00252049463731419,0.283635951807924,0.0643749323213625
"rs13225723",7,106776021,3389,0.0354437755272906,0.662040818005637,0.0120118955261988,0.22429942914031,0.0662040818005637
"rs34373805",7,128846309,3858,5.57705929793555e-08,0.673083343012122,2.15162947714353e-08,0.259608245399776,0.0673083343012121
"rs9329259",8,12034511,3899,5.54105563509852e-11,0.671231037671489,2.16045759212491e-11,0.261645858484347,0.0671231037671486
"rs58310472",8,123535827,3125,4.10778712986151e-07,0.708014344982257,1.28368347808172e-07,0.221183681372457,0.0708014344982256
"rs12541595",8,124845117,3841,3.34769530784676e-20,0.673854447439352,1.28584976774394e-20,0.25876010781671,0.0673854447439349
"rs11784619",8,143939607,2759,8.88308577090184e-10,0.726849832000733,2.45084336419182e-10,0.200465183665801,0.072684983200073
