"SNP","CHR","BP","GENPOS","effect_allele","other_allele","effect_allele_freq","INFO","CHISQ_LINREG","P_raw","effect_size","standard_error","CHISQ_BOLT_LMM_INF","P_BOLT_LMM_INF","CHISQ_BOLT_LMM","P_BOLT_LMM","number_of_samples","P","pval","id"
"rs1739837",1,16337933,0.327315,"C","T",0.410672,0.999129,105.269,1.1e-24,0.0707883,0.00695475,103.6,2.5e-24,107.859,2.9e-25,36042,23.9586073148418,1.1e-24,"TSJxAK"
"rs10925197",1,236842077,2.67816,"C","G",0.462051,0.992622,37.1511,1.1e-09,0.0420377,0.00692711,36.8276,1.3e-09,38.0483,6.9e-10,36042,8.95860731484177,1.1e-09,"TSJxAK"
"rs2562845",2,179514433,1.98269,"T","C",0.803215,0.997453,81.8189,1.5e-19,-0.0792249,0.00863815,84.1167,4.7e-20,83.7345,5.7e-20,36042,18.8239087409443,1.5e-19,"TSJxAK"
"rs11710541",3,14291679,0.33045,"T","C",0.658466,0.986147,71.5766,2.7e-17,-0.0650511,0.00728417,79.7535,4.2e-19,82.7947,9.1e-20,36042,16.568636235841,2.7e-17,"TSJxAK"
"rs56099248",3,69857773,0.939591,"C","T",0.805286,0.997512,45.6041,1.4e-11,-0.0607354,0.00873548,48.3404,3.6e-12,47.6333,5.1e-12,36042,10.8538719643218,1.4e-11,"TSJxAK"
"rs35999985",5,138756825,1.45681,"A","G",0.298992,0.995815,36.7532,1.3e-09,0.0479992,0.00756877,40.2176,2.3e-10,39.2233,3.8e-10,36042,8.88605664769316,1.3e-09,"TSJxAK"
"rs3176326",6,36647289,0.562845,"G","A",0.800287,0.987428,76.2114,2.5e-18,-0.0776886,0.00871931,79.3873,5.1e-19,81.4021,1.8e-19,36042,17.602059991328,2.5e-18,"TSJxAK"
"rs3807309",7,128472138,1.38418,"G","A",0.886479,0.977631,57.9142,2.7e-14,-0.0834801,0.0109335,58.2975,2.3e-14,61.6613,4.1e-15,36042,13.568636235841,2.7e-14,"TSJxAK"
"rs34866937",8,125859850,1.44267,"G","A",0.686563,0.993158,30.3824,3.5e-08,-0.0403687,0.00745541,29.3188,6.1e-08,27.6777,1.4e-07,36042,7.45593195564972,3.5e-08,"TSJxAK"
"rs4073554",8,141704232,1.7136,"T","C",0.480844,0.979446,37.6662,8.4e-10,0.0428024,0.0069512,37.9154,7.4e-10,37.1981,1.1e-09,36042,9.07572071393812,8.4e-10,"TSJxAK"
"rs72840788",10,121415685,1.50658,"G","A",0.785239,0.979364,132.398,1.2e-30,-0.0996914,0.00848638,137.997,7.3e-32,139.181,4e-32,36042,29.9208187539524,1.2e-30,"TSJxAK"
"rs721067",11,19212726,0.326144,"T","A",0.917806,0.982429,30.1661,4e-08,0.0696667,0.0126693,30.2376,3.8e-08,30.3513,3.6e-08,36042,7.39794000867204,4e-08,"TSJxAK"
"rs113819537",12,26348429,0.457809,"C","G",0.749063,0.99349,30.8259,2.8e-08,0.044906,0.0079573,31.8477,1.7e-08,31.8195,1.7e-08,36042,7.55284196865778,2.8e-08,"TSJxAK"
"rs8023658",15,85323220,1.08791,"G","T",0.507123,0.956194,39.8853,2.7e-10,-0.0463516,0.00705314,43.1881,5e-11,43.3232,4.6e-11,36042,9.56863623584101,2.7e-10,"TSJxAK"
"rs5029142",16,988070,0.0207354,"T","A",0.623384,0.986473,39.6069,3.1e-10,-0.0430463,0.00718653,35.8785,2.1e-09,39.1628,3.9e-10,36042,9.50863830616573,3.1e-10,"TSJxAK"
"rs12452367",17,53374610,0.785778,"T","C",0.714885,0.97906,48.5765,3.2e-12,-0.0550497,0.00769448,51.1861,8.4e-13,54.8903,1.3e-13,36042,11.4948500216801,3.2e-12,"TSJxAK"
"rs61735998",18,34289285,0.564341,"G","T",0.977152,1,31.512,2e-08,-0.128459,0.0231349,30.8315,2.8e-08,30.0285,4.3e-08,36042,7.69897000433602,2e-08,"TSJxAK"
"rs10871753",18,55956865,0.786095,"G","T",0.489283,0.988234,37.8013,7.8e-10,-0.0430639,0.00694036,38.5001,5.5e-10,38.2944,6.1e-10,36042,9.10790539730952,7.8e-10,"TSJxAK"
"rs2070458",22,24159307,0.21789,"A","T",0.200222,0.995729,53.6474,2.4e-13,0.062928,0.00869212,52.4127,4.5e-13,53.5718,2.5e-13,36042,12.6197887582884,2.4e-13,"TSJxAK"
