"locus_id","locus","locus_CHR","locus_BP","ENSGID","GENE","CHR","TSS","PoPS_score"
"rs72840788","chr10:121415685",10,121415685,"ENSG00000066468","FGFR2",10,121598444,0.130470738062675
"rs72840788","chr10:121415685",10,121415685,"ENSG00000066468","FGFR2",10,121593967,0.130470738062675
"rs72840788","chr10:121415685",10,121415685,"ENSG00000066468","FGFR2",10,121596645,0.130470738062675
"rs72840788","chr10:121415685",10,121415685,"ENSG00000066468","FGFR2",10,121598458,0.130470738062675
"rs72840788","chr10:121415685",10,121415685,"ENSG00000066468","FGFR2",10,121506241,0.130470738062675
"rs72840788","chr10:121415685",10,121415685,"ENSG00000066468","FGFR2",10,121510293,0.130470738062675
"rs72840788","chr10:121415685",10,121415685,"ENSG00000066468","FGFR2",10,121526250,0.130470738062675
"rs72840788","chr10:121415685",10,121415685,"ENSG00000066468","FGFR2",10,121531334,0.130470738062675
"rs72840788","chr10:121415685",10,121415685,"ENSG00000066468","FGFR2",10,121531354,0.130470738062675
"rs72840788","chr10:121415685",10,121415685,"ENSG00000066468","FGFR2",10,121554260,0.130470738062675
"rs721067","chr11:19212726",11,19212726,"ENSG00000166833","NAV2",11,19350724,0.224010722141034
"rs721067","chr11:19212726",11,19212726,"ENSG00000110786","PTPN5",11,18743842,0.129713583333446
"rs721067","chr11:19212726",11,19212726,"ENSG00000110786","PTPN5",11,18791798,0.129713583333446
"rs721067","chr11:19212726",11,19212726,"ENSG00000110786","PTPN5",11,18730744,0.129713583333446
"rs721067","chr11:19212726",11,19212726,"ENSG00000110786","PTPN5",11,18792721,0.129713583333446
"rs721067","chr11:19212726",11,19212726,"ENSG00000110786","PTPN5",11,18791640,0.129713583333446
"rs721067","chr11:19212726",11,19212726,"ENSG00000110786","PTPN5",11,18744343,0.129713583333446
"rs721067","chr11:19212726",11,19212726,"ENSG00000110786","PTPN5",11,18791839,0.129713583333446
"rs721067","chr11:19212726",11,19212726,"ENSG00000110786","PTPN5",11,18791790,0.129713583333446
"rs721067","chr11:19212726",11,19212726,"ENSG00000110786","PTPN5",11,18791637,0.129713583333446
"rs113819537","chr12:26348429",12,26348429,"ENSG00000123104","ITPR2",12,26833194,0.122677233642783
"rs113819537","chr12:26348429",12,26348429,"ENSG00000123104","ITPR2",12,26494233,0.122677233642783
"rs113819537","chr12:26348429",12,26348429,"ENSG00000123104","ITPR2",12,26427937,0.122677233642783
"rs113819537","chr12:26348429",12,26348429,"ENSG00000123104","ITPR2",12,26495245,0.122677233642783
"rs113819537","chr12:26348429",12,26348429,"ENSG00000123104","ITPR2",12,26495560,0.122677233642783
"rs113819537","chr12:26348429",12,26348429,"ENSG00000123104","ITPR2",12,26630714,0.122677233642783
"rs113819537","chr12:26348429",12,26348429,"ENSG00000123104","ITPR2",12,26715728,0.122677233642783
"rs113819537","chr12:26348429",12,26348429,"ENSG00000123104","ITPR2",12,26832786,0.122677233642783
"rs113819537","chr12:26348429",12,26348429,"ENSG00000123104","ITPR2",12,26832781,0.122677233642783
"rs113819537","chr12:26348429",12,26348429,"ENSG00000123104","ITPR2",12,26726013,0.122677233642783
"rs8023658","chr15:85323220",15,85323220,"ENSG00000170776","AKAP13",15,85380571,0.192162331543706
"rs8023658","chr15:85323220",15,85323220,"ENSG00000170776","AKAP13",15,85380587,0.192162331543706
"rs8023658","chr15:85323220",15,85323220,"ENSG00000170776","AKAP13",15,85380640,0.192162331543706
"rs8023658","chr15:85323220",15,85323220,"ENSG00000170776","AKAP13",15,85380603,0.192162331543706
"rs8023658","chr15:85323220",15,85323220,"ENSG00000170776","AKAP13",15,85380729,0.192162331543706
"rs8023658","chr15:85323220",15,85323220,"ENSG00000170776","AKAP13",15,85380756,0.192162331543706
"rs8023658","chr15:85323220",15,85323220,"ENSG00000170776","AKAP13",15,85544040,0.192162331543706
"rs8023658","chr15:85323220",15,85323220,"ENSG00000170776","AKAP13",15,85555446,0.192162331543706
"rs8023658","chr15:85323220",15,85323220,"ENSG00000170776","AKAP13",15,85582910,0.192162331543706
"rs8023658","chr15:85323220",15,85323220,"ENSG00000170776","AKAP13",15,85619696,0.192162331543706
"rs5029142","chr16:988070",16,988070,"ENSG00000090565","RAB11FIP3",16,488942,0.0882975020267311
"rs5029142","chr16:988070",16,988070,"ENSG00000090565","RAB11FIP3",16,502750,0.0882975020267311
"rs5029142","chr16:988070",16,988070,"ENSG00000090565","RAB11FIP3",16,510453,0.0882975020267311
"rs5029142","chr16:988070",16,988070,"ENSG00000090565","RAB11FIP3",16,510563,0.0882975020267311
"rs5029142","chr16:988070",16,988070,"ENSG00000196557","CACNA1H",16,1153103,0.0797472986039341
"rs5029142","chr16:988070",16,988070,"ENSG00000196557","CACNA1H",16,1153106,0.0797472986039341
"rs5029142","chr16:988070",16,988070,"ENSG00000196557","CACNA1H",16,1153108,0.0797472986039341
"rs5029142","chr16:988070",16,988070,"ENSG00000196557","CACNA1H",16,1153112,0.0797472986039341
"rs5029142","chr16:988070",16,988070,"ENSG00000196557","CACNA1H",16,1153117,0.0797472986039341
"rs5029142","chr16:988070",16,988070,"ENSG00000196557","CACNA1H",16,1153118,0.0797472986039341
"rs12452367","chr17:53374610",17,53374610,"ENSG00000141200","KIF2B",17,53822927,-0.0610261940157911
"rs61735998","chr18:34289285",18,34289285,"ENSG00000134769","DTNA",18,34493291,0.159473248618058
"rs61735998","chr18:34289285",18,34289285,"ENSG00000134769","DTNA",18,34493304,0.159473248618058
"rs61735998","chr18:34289285",18,34289285,"ENSG00000134769","DTNA",18,34493314,0.159473248618058
"rs61735998","chr18:34289285",18,34289285,"ENSG00000134769","DTNA",18,34493317,0.159473248618058
"rs61735998","chr18:34289285",18,34289285,"ENSG00000134769","DTNA",18,34493331,0.159473248618058
"rs61735998","chr18:34289285",18,34289285,"ENSG00000134769","DTNA",18,34493356,0.159473248618058
"rs61735998","chr18:34289285",18,34289285,"ENSG00000134769","DTNA",18,34493361,0.159473248618058
"rs61735998","chr18:34289285",18,34289285,"ENSG00000134769","DTNA",18,34493371,0.159473248618058
"rs61735998","chr18:34289285",18,34289285,"ENSG00000134769","DTNA",18,34493389,0.159473248618058
"rs61735998","chr18:34289285",18,34289285,"ENSG00000134769","DTNA",18,34493410,0.159473248618058
"rs10871753","chr18:55956865",18,55956865,"ENSG00000196628","TCF4",18,55588192,0.162640933100022
"rs10871753","chr18:55956865",18,55956865,"ENSG00000196628","TCF4",18,55588629,0.162640933100022
"rs10871753","chr18:55956865",18,55956865,"ENSG00000196628","TCF4",18,55589778,0.162640933100022
"rs10871753","chr18:55956865",18,55956865,"ENSG00000196628","TCF4",18,55553421,0.162640933100022
"rs10871753","chr18:55956865",18,55956865,"ENSG00000196628","TCF4",18,55587349,0.162640933100022
"rs10871753","chr18:55956865",18,55956865,"ENSG00000196628","TCF4",18,55588153,0.162640933100022
"rs10871753","chr18:55956865",18,55956865,"ENSG00000196628","TCF4",18,55588226,0.162640933100022
"rs10871753","chr18:55956865",18,55956865,"ENSG00000196628","TCF4",18,55589846,0.162640933100022
"rs10871753","chr18:55956865",18,55956865,"ENSG00000196628","TCF4",18,55588625,0.162640933100022
"rs10871753","chr18:55956865",18,55956865,"ENSG00000196628","TCF4",18,55589807,0.162640933100022
"rs1739837","chr1:16337933",1,16337933,"ENSG00000037637","FBXO42",1,16352480,0.0737713439151185
"rs1739837","chr1:16337933",1,16337933,"ENSG00000037637","FBXO42",1,16253427,0.0737713439151185
"rs1739837","chr1:16337933",1,16337933,"ENSG00000037637","FBXO42",1,16253593,0.0737713439151185
"rs1739837","chr1:16337933",1,16337933,"ENSG00000037637","FBXO42",1,16315367,0.0737713439151185
"rs1739837","chr1:16337933",1,16337933,"ENSG00000037637","FBXO42",1,16352487,0.0737713439151185
"rs1739837","chr1:16337933",1,16337933,"ENSG00000037637","FBXO42",1,16352483,0.0737713439151185
"rs1739837","chr1:16337933",1,16337933,"ENSG00000037637","FBXO42",1,16352478,0.0737713439151185
"rs1739837","chr1:16337933",1,16337933,"ENSG00000037637","FBXO42",1,16352426,0.0737713439151185
"rs1739837","chr1:16337933",1,16337933,"ENSG00000037637","FBXO42",1,16352442,0.0737713439151185
"rs1739837","chr1:16337933",1,16337933,"ENSG00000037637","FBXO42",1,16316755,0.0737713439151185
"rs10925197","chr1:236842077",1,236842077,"ENSG00000077522","ACTN2",1,236664141,0.175382393084335
"rs10925197","chr1:236842077",1,236842077,"ENSG00000077522","ACTN2",1,236686499,0.175382393084335
"rs10925197","chr1:236842077",1,236842077,"ENSG00000077522","ACTN2",1,236686509,0.175382393084335
"rs10925197","chr1:236842077",1,236842077,"ENSG00000077522","ACTN2",1,236686606,0.175382393084335
"rs10925197","chr1:236842077",1,236842077,"ENSG00000077522","ACTN2",1,236686639,0.175382393084335
"rs10925197","chr1:236842077",1,236842077,"ENSG00000077522","ACTN2",1,236686659,0.175382393084335
"rs10925197","chr1:236842077",1,236842077,"ENSG00000077522","ACTN2",1,236686674,0.175382393084335
"rs10925197","chr1:236842077",1,236842077,"ENSG00000077522","ACTN2",1,236686675,0.175382393084335
"rs10925197","chr1:236842077",1,236842077,"ENSG00000077522","ACTN2",1,236686682,0.175382393084335
"rs10925197","chr1:236842077",1,236842077,"ENSG00000077522","ACTN2",1,236686689,0.175382393084335
"rs2070458","chr22:24159307",22,24159307,"ENSG00000099991","CABIN1",22,24011192,0.078665972247777
"rs2070458","chr22:24159307",22,24159307,"ENSG00000099991","CABIN1",22,24011304,0.078665972247777
"rs2070458","chr22:24159307",22,24159307,"ENSG00000099991","CABIN1",22,24011315,0.078665972247777
"rs2070458","chr22:24159307",22,24159307,"ENSG00000099991","CABIN1",22,24011348,0.078665972247777
"rs2070458","chr22:24159307",22,24159307,"ENSG00000099991","CABIN1",22,24011416,0.078665972247777
"rs2070458","chr22:24159307",22,24159307,"ENSG00000099991","CABIN1",22,24011418,0.078665972247777
"rs2070458","chr22:24159307",22,24159307,"ENSG00000099991","CABIN1",22,24055068,0.078665972247777
"rs2070458","chr22:24159307",22,24159307,"ENSG00000099991","CABIN1",22,24067005,0.078665972247777
"rs2070458","chr22:24159307",22,24159307,"ENSG00000099991","CABIN1",22,24087588,0.078665972247777
"rs2070458","chr22:24159307",22,24159307,"ENSG00000099991","CABIN1",22,24098113,0.078665972247777
"rs2562845","chr2:179514433",2,179514433,"ENSG00000144331","ZNF385B",2,179585905,0.332053131786523
"rs2562845","chr2:179514433",2,179514433,"ENSG00000144331","ZNF385B",2,179861612,0.332053131786523
"rs2562845","chr2:179514433",2,179514433,"ENSG00000144331","ZNF385B",2,179562588,0.332053131786523
"rs2562845","chr2:179514433",2,179514433,"ENSG00000144331","ZNF385B",2,179746042,0.332053131786523
"rs2562845","chr2:179514433",2,179514433,"ENSG00000144331","ZNF385B",2,179584069,0.332053131786523
"rs2562845","chr2:179514433",2,179514433,"ENSG00000144331","ZNF385B",2,179637326,0.332053131786523
"rs2562845","chr2:179514433",2,179514433,"ENSG00000144331","ZNF385B",2,179562620,0.332053131786523
"rs2562845","chr2:179514433",2,179514433,"ENSG00000144331","ZNF385B",2,179745854,0.332053131786523
"rs2562845","chr2:179514433",2,179514433,"ENSG00000144331","ZNF385B",2,179536503,0.332053131786523
"rs2562845","chr2:179514433",2,179514433,"ENSG00000144331","ZNF385B",2,179584067,0.332053131786523
"rs11710541","chr3:14291679",3,14291679,"ENSG00000131389","SLC6A6",3,14402576,0.115792776483734
"rs11710541","chr3:14291679",3,14291679,"ENSG00000131389","SLC6A6",3,14402584,0.115792776483734
"rs11710541","chr3:14291679",3,14291679,"ENSG00000131389","SLC6A6",3,14402620,0.115792776483734
"rs11710541","chr3:14291679",3,14291679,"ENSG00000131389","SLC6A6",3,14402621,0.115792776483734
"rs11710541","chr3:14291679",3,14291679,"ENSG00000131389","SLC6A6",3,14402625,0.115792776483734
"rs11710541","chr3:14291679",3,14291679,"ENSG00000131389","SLC6A6",3,14402648,0.115792776483734
"rs11710541","chr3:14291679",3,14291679,"ENSG00000131389","SLC6A6",3,14432670,0.115792776483734
"rs11710541","chr3:14291679",3,14291679,"ENSG00000131389","SLC6A6",3,14472242,0.115792776483734
"rs11710541","chr3:14291679",3,14291679,"ENSG00000131389","SLC6A6",3,14402606,0.115792776483734
"rs11710541","chr3:14291679",3,14291679,"ENSG00000131389","SLC6A6",3,14416367,0.115792776483734
"rs56099248","chr3:69857773",3,69857773,"ENSG00000114541","FRMD4B",3,69386088,0.285059500589694
"rs56099248","chr3:69857773",3,69857773,"ENSG00000114541","FRMD4B",3,69386304,0.285059500589694
"rs56099248","chr3:69857773",3,69857773,"ENSG00000114541","FRMD4B",3,69542583,0.285059500589694
"rs56099248","chr3:69857773",3,69857773,"ENSG00000114541","FRMD4B",3,69541340,0.285059500589694
"rs56099248","chr3:69857773",3,69857773,"ENSG00000114541","FRMD4B",3,69433129,0.285059500589694
"rs56099248","chr3:69857773",3,69857773,"ENSG00000114541","FRMD4B",3,69385927,0.285059500589694
"rs56099248","chr3:69857773",3,69857773,"ENSG00000114541","FRMD4B",3,69386140,0.285059500589694
"rs56099248","chr3:69857773",3,69857773,"ENSG00000187098","MITF",3,69739456,0.270036556318652
"rs56099248","chr3:69857773",3,69857773,"ENSG00000187098","MITF",3,69739460,0.270036556318652
"rs56099248","chr3:69857773",3,69857773,"ENSG00000187098","MITF",3,69739464,0.270036556318652
"rs35999985","chr5:138756825",5,138756825,"ENSG00000120733","KDM3B",5,138352685,0.0871470512446383
"rs35999985","chr5:138756825",5,138756825,"ENSG00000120733","KDM3B",5,138372674,0.0871470512446383
"rs35999985","chr5:138756825",5,138756825,"ENSG00000120733","KDM3B",5,138372793,0.0871470512446383
"rs35999985","chr5:138756825",5,138756825,"ENSG00000120733","KDM3B",5,138386577,0.0871470512446383
"rs35999985","chr5:138756825",5,138756825,"ENSG00000120733","KDM3B",5,138397878,0.0871470512446383
"rs35999985","chr5:138756825",5,138756825,"ENSG00000120733","KDM3B",5,138417808,0.0871470512446383
"rs35999985","chr5:138756825",5,138756825,"ENSG00000120733","KDM3B",5,138424135,0.0871470512446383
"rs35999985","chr5:138756825",5,138756825,"ENSG00000120733","KDM3B",5,138426741,0.0871470512446383
"rs35999985","chr5:138756825",5,138756825,"ENSG00000120733","KDM3B",5,138352682,0.0871470512446383
"rs35999985","chr5:138756825",5,138756825,"ENSG00000120733","KDM3B",5,138352696,0.0871470512446383
"rs3176326","chr6:36647289",6,36647289,"ENSG00000112079","STK38",6,36542035,0.0771464703200887
"rs3176326","chr6:36647289",6,36647289,"ENSG00000112079","STK38",6,36547479,0.0771464703200887
"rs3176326","chr6:36647289",6,36647289,"ENSG00000112079","STK38",6,36547516,0.0771464703200887
"rs3176326","chr6:36647289",6,36647289,"ENSG00000112079","STK38",6,36547475,0.0771464703200887
"rs3176326","chr6:36647289",6,36647289,"ENSG00000112079","STK38",6,36547467,0.0771464703200887
"rs3176326","chr6:36647289",6,36647289,"ENSG00000112079","STK38",6,36547406,0.0771464703200887
"rs3176326","chr6:36647289",6,36647289,"ENSG00000112079","STK38",6,36540719,0.0771464703200887
"rs3176326","chr6:36647289",6,36647289,"ENSG00000112079","STK38",6,36547390,0.0771464703200887
"rs3176326","chr6:36647289",6,36647289,"ENSG00000124772","CPNE5",6,36757381,0.0635635452111005
"rs3176326","chr6:36647289",6,36647289,"ENSG00000124772","CPNE5",6,36839444,0.0635635452111005
"rs3807309","chr7:128472138",7,128472138,"ENSG00000197157","SND1",7,127990946,0.0776968677921469
"rs3807309","chr7:128472138",7,128472138,"ENSG00000197157","SND1",7,128042302,0.0776968677921469
"rs3807309","chr7:128472138",7,128472138,"ENSG00000197157","SND1",7,128086471,0.0776968677921469
"rs3807309","chr7:128472138",7,128472138,"ENSG00000197157","SND1",7,128089489,0.0776968677921469
"rs3807309","chr7:128472138",7,128472138,"ENSG00000106348","IMPDH1",7,128405865,0.0499934273115901
"rs3807309","chr7:128472138",7,128472138,"ENSG00000106348","IMPDH1",7,128409486,0.0499934273115901
"rs3807309","chr7:128472138",7,128472138,"ENSG00000106348","IMPDH1",7,128409901,0.0499934273115901
"rs3807309","chr7:128472138",7,128472138,"ENSG00000106348","IMPDH1",7,128409982,0.0499934273115901
"rs3807309","chr7:128472138",7,128472138,"ENSG00000106348","IMPDH1",7,128405948,0.0499934273115901
"rs3807309","chr7:128472138",7,128472138,"ENSG00000106348","IMPDH1",7,128405942,0.0499934273115901
"rs34866937","chr8:125859850",8,125859850,"ENSG00000156831","NSMCE2",8,125363026,0.0364755830297278
"rs34866937","chr8:125859850",8,125859850,"ENSG00000173334","TRIB1",8,125430358,-0.0845202012765049
"rs34866937","chr8:125859850",8,125859850,"ENSG00000173334","TRIB1",8,125432209,-0.0845202012765049
"rs34866937","chr8:125859850",8,125859850,"ENSG00000173334","TRIB1",8,125432859,-0.0845202012765049
"rs34866937","chr8:125859850",8,125859850,"ENSG00000173334","TRIB1",8,125433546,-0.0845202012765049
"rs4073554","chr8:141704232",8,141704232,"ENSG00000184489","PTP4A3",8,141391995,0.0814246995949429
"rs4073554","chr8:141704232",8,141704232,"ENSG00000184489","PTP4A3",8,141392021,0.0814246995949429
"rs4073554","chr8:141704232",8,141704232,"ENSG00000184489","PTP4A3",8,141413418,0.0814246995949429
"rs4073554","chr8:141704232",8,141704232,"ENSG00000184489","PTP4A3",8,141416078,0.0814246995949429
"rs4073554","chr8:141704232",8,141704232,"ENSG00000184489","PTP4A3",8,141416142,0.0814246995949429
"rs4073554","chr8:141704232",8,141704232,"ENSG00000184489","PTP4A3",8,141417909,0.0814246995949429
"rs4073554","chr8:141704232",8,141704232,"ENSG00000184489","PTP4A3",8,141422018,0.0814246995949429
"rs4073554","chr8:141704232",8,141704232,"ENSG00000184489","PTP4A3",8,141391497,0.0814246995949429
"rs4073554","chr8:141704232",8,141704232,"ENSG00000184489","PTP4A3",8,141391969,0.0814246995949429
"rs4073554","chr8:141704232",8,141704232,"ENSG00000184489","PTP4A3",8,141391977,0.0814246995949429
