"ENSGID","GENE","CHR","locus_label","pops_scaled_locus_01","magma_scaled_locus_01","final_nearest_gene_score","combined_score"
"ENSG00000157933","SKI",1,"Locus 1",1,0.601149887822545,0,1.60114988782254
"ENSG00000078369","GNB1",1,"Locus 1",0.873074264106816,0.216365505570286,0,1.0894397696771
"ENSG00000067606","PRKCZ",1,"Locus 1",0.729899656679837,0.822693471657966,0,1.5525931283378
"ENSG00000157881","PANK4",1,"Locus 1",0.503053083227571,0.411735360428645,0,0.914788443656216
"ENSG00000008128","CDK11A",1,"Locus 1",0.45251795564032,0.170912137766042,0,0.623430093406362
"ENSG00000116151","MORN1",1,"Locus 1",0.35920465804132,0.68116245610747,0,1.04036711414879
"ENSG00000008130","NADK",1,"Locus 1",0.271488796594108,0,0,0.271488796594108
"ENSG00000162585","FAAP20",1,"Locus 1",0.120511061818258,0.779255714986577,0,0.899766776804835
"ENSG00000149527","PLCH2",1,"Locus 1",0.117892020762438,0.386788968573775,0,0.504680989336214
"ENSG00000157916","RER1",1,"Locus 1",0,1,0,1
"ENSG00000116254","CHD5",1,"Locus 2",1,0.185159570539377,0,1.18515957053938
"ENSG00000097021","ACOT7",1,"Locus 2",0.848610753920334,1,0,1.84861075392033
"ENSG00000007923","DNAJC11",1,"Locus 2",0.321744328655274,0.445447891976821,0,0.767192220632096
"ENSG00000131697","NPHP4",1,"Locus 2",0.241388038162282,0.109151217677985,0,0.350539255840267
"ENSG00000041988","THAP3",1,"Locus 2",0.173207360217134,0,0,0.173207360217134
"ENSG00000069424","KCNAB2",1,"Locus 2",0.169530314782161,0.482713471339076,0,0.652243786121237
"ENSG00000171680","PLEKHG5",1,"Locus 2",0.164186335497453,0.487883650818164,0,0.652069986315617
"ENSG00000162408","NOL9",1,"Locus 2",0.0513205748491839,0.789857943163837,0,0.84117851801302
"ENSG00000116251","RPL22",1,"Locus 2",0.0323771141687986,0.00911831653584546,0,0.0414954307046441
"ENSG00000158292","GPR153",1,"Locus 2",0,0.897670733426889,0,0.897670733426889
"ENSG00000037637","FBXO42",1,"Locus 3",1,1,0,2
"ENSG00000065526","SPEN",1,"Locus 3",0.69534475108737,0.106119363453771,0,0.801464114541141
"ENSG00000116786","PLEKHM2",1,"Locus 3",0.648660342676282,0.124363784845609,0,0.773024127521891
"ENSG00000132906","CASP9",1,"Locus 3",0.642636249311572,0.114480102412431,0,0.757116351724002
"ENSG00000055070","SZRD1",1,"Locus 3",0.578881819381476,0.703390204604145,0,1.28227202398562
"ENSG00000157191","NECAP2",1,"Locus 3",0.486138781655149,0.33708919151566,0,0.823227973170808
"ENSG00000116809","ZBTB17",1,"Locus 3",0.315689989519854,0.0973778886264816,0,0.413067878146335
"ENSG00000116138","DNAJC16",1,"Locus 3",0.305887980220271,0,0,0.305887980220271
"ENSG00000162458","FBLIM1",1,"Locus 3",0.222670626728765,0.348213300373011,0,0.570883927101776
"ENSG00000215695","RSC1A1",1,"Locus 3",0,0.168599443794557,0,0.168599443794557
"ENSG00000037637","FBXO42",1,"Locus 4",1,1,0,2
"ENSG00000159363","ATP13A2",1,"Locus 4",0.991391179116971,0.119960202051125,0,1.1113513811681
"ENSG00000055070","SZRD1",1,"Locus 4",0.662178074719043,0.588596356956988,0,1.25077443167603
"ENSG00000117122","MFAP2",1,"Locus 4",0.626913994674334,0.0691259758150926,0,0.696039970489426
"ENSG00000157191","NECAP2",1,"Locus 4",0.587779407069275,0.080529618858105,0,0.66830902592738
"ENSG00000117118","SDHB",1,"Locus 4",0.526541287273648,0,0,0.526541287273648
"ENSG00000058453","CROCC",1,"Locus 4",0.276556974627154,0.159329557630491,0,0.435886532257645
"ENSG00000132881","CPLANE2",1,"Locus 4",0.177135886467216,0.554186438083576,0,0.731322324550792
"ENSG00000142632","ARHGEF19",1,"Locus 4",0.112379565185777,0.589254553803766,0,0.701634118989543
"ENSG00000142627","EPHA2",1,"Locus 4",0,0.593877238634624,0,0.593877238634624
"ENSG00000143499","SMYD2",1,"Locus 5",1,1,0,2
"ENSG00000117724","CENPF",1,"Locus 5",0.851023393105718,0.293184644553628,0,1.14420803765935
"ENSG00000152104","PTPN14",1,"Locus 5",0.476354691908246,0.0132651050267409,0,0.489619796934987
"ENSG00000117707","PROX1",1,"Locus 5",0,0,0,0
"ENSG00000077522","ACTN2",1,"Locus 6",1,0.441413864104324,1,2.44141386410432
"ENSG00000116984","MTR",1,"Locus 6",0.818411570740156,1,0,1.81841157074016
"ENSG00000198626","RYR2",1,"Locus 6",0.664146969248661,0.0671997254632807,0,0.731346694711941
"ENSG00000116977","LGALS8",1,"Locus 6",0.546646012150123,0.140859849004804,0,0.687505861154927
"ENSG00000086619","ERO1B",1,"Locus 6",0.232354391842982,0,0,0.232354391842982
"ENSG00000119285","HEATR1",1,"Locus 6",0.213880221137766,0.309718599862732,0,0.523598821000498
"ENSG00000186197","EDARADD",1,"Locus 6",0.132927898030123,0.267593685655456,0,0.400521583685579
"ENSG00000244020","MT1HL1",1,"Locus 6",0,0.359354838709677,0,0.359354838709677
"ENSG00000204130","RUFY2",10,"Locus 7",1,0.293272811201723,0,1.29327281120172
"ENSG00000138336","TET1",10,"Locus 7",0.995815794488633,1,0,1.99581579448863
"ENSG00000148634","HERC4",10,"Locus 7",0.875920779726735,0.599230650869364,0,1.4751514305961
"ENSG00000096746","HNRNPH3",10,"Locus 7",0.780148979281194,0.239215263886752,0,1.01936424316795
"ENSG00000096717","SIRT1",10,"Locus 7",0.521304372273084,0.545893214340668,0,1.06719758661375
"ENSG00000183230","CTNNA3",10,"Locus 7",0.470516098350199,0,0,0.470516098350199
"ENSG00000138347","MYPN",10,"Locus 7",0.340134685586558,0.894352977381136,0,1.23448766296769
"ENSG00000138346","DNA2",10,"Locus 7",0.294101126598204,0.469616864132943,0,0.763717990731147
"ENSG00000108176","DNAJC12",10,"Locus 7",0.0618994839854162,0.171318664409909,0,0.233218148395325
"ENSG00000122912","SLC25A16",10,"Locus 7",0,0.192601938759809,0,0.192601938759809
"ENSG00000156650","KAT6B",10,"Locus 8",1,0.524752075609953,0,1.52475207560995
"ENSG00000165637","VDAC2",10,"Locus 8",0.689567705889935,0,0,0.689567705889935
"ENSG00000156110","ADK",10,"Locus 8",0.679312613410673,0.481758850450518,0,1.16107146386119
"ENSG00000148655","LRMDA",10,"Locus 8",0.643522711529988,1,0,1.64352271152999
"ENSG00000156671","SAMD8",10,"Locus 8",0.209028934752193,0.40706794090799,0,0.616096875660183
"ENSG00000165644","COMTD1",10,"Locus 8",0.131150125282366,0.297444065649509,0,0.428594190931875
"ENSG00000165655","ZNF503",10,"Locus 8",0.119133615600286,0.244208473828996,0,0.363342089429282
"ENSG00000079393","DUSP13B",10,"Locus 8",0.0212354749030277,NA,0,NA
"ENSG00000188716","DUSP29",10,"Locus 8",0,0.498785993281047,0,0.498785993281047
"ENSG00000107779","BMPR1A",10,"Locus 9",1,1,0,2
"ENSG00000148672","GLUD1",10,"Locus 9",0.457512202755489,0.448441727405787,0,0.905953930161275
"ENSG00000122376","SHLD2",10,"Locus 9",0.326883525721262,0.78186401336507,0,1.10874753908633
"ENSG00000122367","LDB3",10,"Locus 9",0.289531925789993,0.26901639586629,0,0.558548321656283
"ENSG00000182771","GRID1",10,"Locus 9",0.269359692599917,0.497627847839264,0,0.766987540439182
"ENSG00000173269","MMRN2",10,"Locus 9",0.1490980957605,0.848955484262038,0,0.998053580022538
"ENSG00000062650","WAPL",10,"Locus 9",0.0125046678310106,0.736830822454501,0,0.749335490285512
"ENSG00000148671","ADIRF",10,"Locus 9",0.0125046678310106,0.11072014666095,0,0.123224814491961
"ENSG00000188100","FAM25A",10,"Locus 9",0.000899681784997571,0.618570647111873,0,0.619470328896871
"ENSG00000122375","OPN4",10,"Locus 9",0,0,0,0
"ENSG00000148908","RGS10",10,"Locus 10",1,1,1,3
"ENSG00000197771","MCMBP",10,"Locus 10",0.822547313520506,0.50983676916474,0,1.33238408268525
"ENSG00000198873","GRK5",10,"Locus 10",0.765298920093152,0.880149709027307,0,1.64544862912046
"ENSG00000198825","INPP5F",10,"Locus 10",0.558758273722552,0.109448190246761,0,0.668206463969313
"ENSG00000151923","TIAL1",10,"Locus 10",0.465478206154162,0.464107214553711,0,0.929585420707873
"ENSG00000183605","SFXN4",10,"Locus 10",0.406678652851712,0.580699349753331,0,0.987378002605043
"ENSG00000107581","EIF3A",10,"Locus 10",0.401542351410525,0.395699788173725,0,0.79724213958425
"ENSG00000119979","DENND10",10,"Locus 10",0.345791450216598,0.0505614088524,0,0.396352859068998
"ENSG00000151929","BAG3",10,"Locus 10",0.0106840785315132,0,0,0.0106840785315132
"ENSG00000165672","PRDX3",10,"Locus 10",0,0.0523427801390946,0,0.0523427801390946
"ENSG00000148908","RGS10",10,"Locus 11",1,1,0,2
"ENSG00000197771","MCMBP",10,"Locus 11",0.840505141806526,0.50983676916474,0,1.35034191097127
"ENSG00000198873","GRK5",10,"Locus 11",0.78905016204461,0.880149709027307,0,1.66919987107192
"ENSG00000198825","INPP5F",10,"Locus 11",0.603410982623823,0.109448190246761,0,0.712859172870584
"ENSG00000151923","TIAL1",10,"Locus 11",0.519570656257069,0.464107214553711,0,0.98367787081078
"ENSG00000183605","SFXN4",10,"Locus 11",0.466721490646394,0.580699349753331,0,1.04742084039973
"ENSG00000119979","DENND10",10,"Locus 11",0.411995941302812,0.0505614088524,0,0.462557350155212
"ENSG00000151929","BAG3",10,"Locus 11",0.110800711256651,0,0,0.110800711256651
"ENSG00000165672","PRDX3",10,"Locus 11",0.101197838377583,0.0523427801390946,0,0.153540618516678
"ENSG00000107651","SEC23IP",10,"Locus 11",0,0.196816144946397,0,0.196816144946397
"ENSG00000148908","RGS10",10,"Locus 12",1,1,0,2
"ENSG00000197771","MCMBP",10,"Locus 12",0.840505141806526,0.50983676916474,0,1.35034191097127
"ENSG00000198873","GRK5",10,"Locus 12",0.78905016204461,0.880149709027307,0,1.66919987107192
"ENSG00000198825","INPP5F",10,"Locus 12",0.603410982623823,0.109448190246761,0,0.712859172870584
"ENSG00000151923","TIAL1",10,"Locus 12",0.519570656257069,0.464107214553711,0,0.98367787081078
"ENSG00000183605","SFXN4",10,"Locus 12",0.466721490646394,0.580699349753331,0,1.04742084039973
"ENSG00000151929","BAG3",10,"Locus 12",0.110800711256651,0,0,0.110800711256651
"ENSG00000165672","PRDX3",10,"Locus 12",0.101197838377583,0.0523427801390946,0,0.153540618516678
"ENSG00000107651","SEC23IP",10,"Locus 12",0,0.196816144946397,0,0.196816144946397
"ENSG00000148908","RGS10",10,"Locus 13",1,1,0,2
"ENSG00000197771","MCMBP",10,"Locus 13",0.840505141806526,0.50983676916474,0,1.35034191097127
"ENSG00000198873","GRK5",10,"Locus 13",0.78905016204461,0.880149709027307,0,1.66919987107192
"ENSG00000198825","INPP5F",10,"Locus 13",0.603410982623823,0.109448190246761,0,0.712859172870584
"ENSG00000151923","TIAL1",10,"Locus 13",0.519570656257069,0.464107214553711,0,0.98367787081078
"ENSG00000151929","BAG3",10,"Locus 13",0.110800711256651,0,0,0.110800711256651
"ENSG00000165672","PRDX3",10,"Locus 13",0.101197838377583,0.0523427801390946,0,0.153540618516678
"ENSG00000107651","SEC23IP",10,"Locus 13",0,0.196816144946397,0,0.196816144946397
"ENSG00000148908","RGS10",10,"Locus 14",1,1,0,2
"ENSG00000197771","MCMBP",10,"Locus 14",0.840505141806526,0.50983676916474,0,1.35034191097127
"ENSG00000198873","GRK5",10,"Locus 14",0.78905016204461,0.880149709027307,0,1.66919987107192
"ENSG00000198825","INPP5F",10,"Locus 14",0.603410982623823,0.109448190246761,0,0.712859172870584
"ENSG00000151923","TIAL1",10,"Locus 14",0.519570656257069,0.464107214553711,0,0.98367787081078
"ENSG00000151929","BAG3",10,"Locus 14",0.110800711256651,0,0,0.110800711256651
"ENSG00000107651","SEC23IP",10,"Locus 14",0,0.196816144946397,0,0.196816144946397
"ENSG00000148908","RGS10",10,"Locus 15",1,1,0,2
"ENSG00000197771","MCMBP",10,"Locus 15",0.840505141806526,0.50983676916474,0,1.35034191097127
"ENSG00000198873","GRK5",10,"Locus 15",0.78905016204461,0.880149709027307,0,1.66919987107192
"ENSG00000198825","INPP5F",10,"Locus 15",0.603410982623823,0.109448190246761,0,0.712859172870584
"ENSG00000151923","TIAL1",10,"Locus 15",0.519570656257069,0.464107214553711,0,0.98367787081078
"ENSG00000151929","BAG3",10,"Locus 15",0.110800711256651,0,0,0.110800711256651
"ENSG00000107651","SEC23IP",10,"Locus 15",0,0.196816144946397,0,0.196816144946397
"ENSG00000197601","FAR1",11,"Locus 16",1,0,0,1
"ENSG00000133818","RRAS2",11,"Locus 16",0.931970581085651,0.54082335985964,0,1.47279394094529
"ENSG00000129084","PSMA1",11,"Locus 16",0.421912071697142,1,0,1.42191207169714
"ENSG00000129083","COPB1",11,"Locus 16",0.360670677016173,0.884579234287863,0,1.24524991130404
"ENSG00000256206","ENSG00000256206",11,"Locus 16",0,NA,0,NA
"ENSG00000165895","ARHGAP42",11,"Locus 17",1,1,0,2
"ENSG00000082175","PGR",11,"Locus 17",0.962566251867452,0.852074427782722,0,1.81464067965017
"ENSG00000137672","TRPC6",11,"Locus 17",0,0,0,0
"ENSG00000123104","ITPR2",12,"Locus 18",1,1,0,2
"ENSG00000123094","RASSF8",12,"Locus 18",0.92497974725554,0.361995115875468,0,1.28697486313101
"ENSG00000123096","SSPN",12,"Locus 18",0.279733759037097,0,0,0.279733759037097
"ENSG00000123095","BHLHE41",12,"Locus 18",0.203638514681495,0.126618478700936,0,0.330256993382431
"ENSG00000152936","LMNTD1",12,"Locus 18",0,0.365218534917364,0,0.365218534917364
"ENSG00000122966","CIT",12,"Locus 19",1,0.0240701380598996,0,1.0240701380599
"ENSG00000139767","SRRM4",12,"Locus 19",0.972412252657163,0,0,0.972412252657163
"ENSG00000111725","PRKAB1",12,"Locus 19",0.279128686456738,0.544938403122575,0,0.824067089579313
"ENSG00000152137","HSPB8",12,"Locus 19",0.269229232426018,0.0426082890745825,0,0.311837521500601
"ENSG00000183273","CCDC60",12,"Locus 19",0.0351317754763297,0.240653425293341,0,0.275785200769671
"ENSG00000224982","TMEM233",12,"Locus 19",0,1,0,1
"ENSG00000122966","CIT",12,"Locus 20",1,0,0,1
"ENSG00000135127","BICDL1",12,"Locus 20",0.755611721747906,0.571498100698954,0,1.32710982244686
"ENSG00000089159","PXN",12,"Locus 20",0.690525983977676,0.497541996296435,0,1.18806798027411
"ENSG00000089154","GCN1",12,"Locus 20",0.511097097366228,0.476230657800382,0,0.98732775516661
"ENSG00000110917","MLEC",12,"Locus 20",0.442120595377136,0.309158403723148,0,0.751278999100284
"ENSG00000157782","CABP1",12,"Locus 20",0.402879939436381,0.767101629165431,0,1.16998156860181
"ENSG00000111737","RAB35",12,"Locus 20",0.198460633329899,0.53299369587568,0,0.731454329205579
"ENSG00000175970","UNC119B",12,"Locus 20",0.0954164673431496,0.288627521001748,0,0.384043988344898
"ENSG00000022840","RNF10",12,"Locus 20",0.0265366787600177,1,0,1.02653667876002
"ENSG00000089163","SIRT4",12,"Locus 20",0,0.43994378414494,0,0.43994378414494
"ENSG00000100523","DDHD1",14,"Locus 21",1,0.274977528165825,0,1.27497752816583
"ENSG00000180998","GPR137C",14,"Locus 21",0.89039385638935,0.409467231672783,0,1.29986108806213
"ENSG00000197930","ERO1A",14,"Locus 21",0.870384168977431,1,0,1.87038416897743
"ENSG00000100519","PSMC6",14,"Locus 21",0.79961338873455,0.146059825767253,0,0.945673214501802
"ENSG00000087301","TXNDC16",14,"Locus 21",0.794341547657902,0.400103404229436,0,1.19444495188734
"ENSG00000073712","FERMT2",14,"Locus 21",0.64802590628517,0.0516581848164744,0,0.699684091101644
"ENSG00000198252","STYX",14,"Locus 21",0.181124939610178,0,0,0.181124939610178
"ENSG00000100522","GNPNAT1",14,"Locus 21",0,0.538296736346249,0,0.538296736346249
"ENSG00000053254","FOXN3",14,"Locus 22",0,0,1,1
"ENSG00000196557","CACNA1H",16,"Locus 23",1,0.248376658503241,0,1.24837665850324
"ENSG00000103275","UBE2I",16,"Locus 23",0.683768146429636,0.234327697618837,0,0.918095844048473
"ENSG00000007516","BAIAP3",16,"Locus 23",0.600409822629045,0.8921050819785,0,1.49251490460754
"ENSG00000090565","RAB11FIP3",16,"Locus 23",0.439506163178216,0.293381723761471,0,0.732887886939686
"ENSG00000007541","PIGQ",16,"Locus 23",0.308626305821047,0,0,0.308626305821047
"ENSG00000103326","CAPN15",16,"Locus 23",0.189924706049344,0.346335802032005,0,0.536260508081348
"ENSG00000103253","HAGHL",16,"Locus 23",0.188437535985708,0.101399584943889,0,0.289837120929596
"ENSG00000197562","RAB40C",16,"Locus 23",0.16998742820943,0.241869522882181,0,0.411856951091611
"ENSG00000103227","LMF1",16,"Locus 23",0.0204812588290785,1,0,1.02048125882908
"ENSG00000007520","TSR3",16,"Locus 23",0,0.417721518987342,0,0.417721518987342
"ENSG00000196557","CACNA1H",16,"Locus 24",1,0.31263559337279,0,1.31263559337279
"ENSG00000138834","MAPK8IP3",16,"Locus 24",0.9284304516607,0,0,0.9284304516607
"ENSG00000103275","UBE2I",16,"Locus 24",0.749636544040618,0.299787727787872,0,1.04942427182849
"ENSG00000007516","BAIAP3",16,"Locus 24",0.683641048033277,0.90132939970138,0,1.58497044773466
"ENSG00000187535","IFT140",16,"Locus 24",0.491651205421013,0.137848135422476,0,0.629499340843488
"ENSG00000103227","LMF1",16,"Locus 24",0.224506657227152,1,0,1.22450665722715
"ENSG00000007520","TSR3",16,"Locus 24",0.208291469905089,0.467502563456799,0,0.675794033361888
"ENSG00000197774","EME2",16,"Locus 24",0.113066245756867,0.318563025058915,0,0.431629270815782
"ENSG00000007545","CRAMP1",16,"Locus 24",0.0584846865999378,0.31085106765727,0,0.369335754257208
"ENSG00000103249","CLCN7",16,"Locus 24",0,0.506718955188976,0,0.506718955188976
"ENSG00000108924","HLF",17,"Locus 25",1,0,1,2
"ENSG00000166263","STXBP4",17,"Locus 25",0.955521153199994,0.336782350946657,0,1.29230350414665
"ENSG00000141198","TOM1L1",17,"Locus 25",0.556940532763996,0.0704496483533311,0,0.627390181117327
"ENSG00000108960","MMD",17,"Locus 25",0.446734025554987,0.353593577389611,0,0.800327602944598
"ENSG00000141179","PCTP",17,"Locus 25",0.189025949867619,0.372528902840518,0,0.561554852708137
"ENSG00000166292","TMEM100",17,"Locus 25",0.111812806507904,1,0,1.1118128065079
"ENSG00000166260","COX11",17,"Locus 25",0,0.237861900751419,0,0.237861900751419
"ENSG00000154240","CEP112",17,"Locus 26",1,1,0,2
"ENSG00000154229","PRKCA",17,"Locus 26",0.478344542129406,0.516052311562744,0,0.994396853692149
"ENSG00000091583","APOH",17,"Locus 26",0,0,0,0
"ENSG00000134775","FHOD3",18,"Locus 27",1,0.28581482234636,0,1.28581482234636
"ENSG00000150477","KIAA1328",18,"Locus 27",0.774311009102549,1,0,1.77431100910255
"ENSG00000134759","ELP2",18,"Locus 27",0.495563356118578,0.760164595270278,0,1.25572795138886
"ENSG00000134779","TPGS2",18,"Locus 27",0.201335014861257,0,0,0.201335014861257
"ENSG00000075643","MOCOS",18,"Locus 27",0,0.210293584054036,0,0.210293584054036
"ENSG00000049759","NEDD4L",18,"Locus 28",1,0,1,2
"ENSG00000081923","ATP8B1",18,"Locus 28",0.805589119339782,0.476843420331494,0,1.28243253967128
"ENSG00000172175","MALT1",18,"Locus 28",0.301904079023724,1,0,1.30190407902372
"ENSG00000198796","ALPK2",18,"Locus 28",0,0.419933211011673,0,0.419933211011673
"ENSG00000049759","NEDD4L",18,"Locus 29",1,0,1,2
"ENSG00000081923","ATP8B1",18,"Locus 29",0.805589119339782,0.476843420331494,0,1.28243253967128
"ENSG00000172175","MALT1",18,"Locus 29",0.301904079023724,1,0,1.30190407902372
"ENSG00000198796","ALPK2",18,"Locus 29",0,0.419933211011673,0,0.419933211011673
"ENSG00000049759","NEDD4L",18,"Locus 30",1,0,1,2
"ENSG00000081923","ATP8B1",18,"Locus 30",0.805589119339782,0.476843420331494,0,1.28243253967128
"ENSG00000172175","MALT1",18,"Locus 30",0.301904079023724,1,0,1.30190407902372
"ENSG00000198796","ALPK2",18,"Locus 30",0,0.419933211011673,0,0.419933211011673
"ENSG00000125755","SYMPK",19,"Locus 31",1,0.402773795577983,0,1.40277379557798
"ENSG00000104967","NOVA2",19,"Locus 31",0.905799839236328,0.237963152591525,0,1.14376299182785
"ENSG00000124440","HIF3A",19,"Locus 31",0.815303122140969,1,0,1.81530312214097
"ENSG00000104936","DMPK",19,"Locus 31",0.731230453907698,0.213259496522516,0,0.944489950430213
"ENSG00000125746","EML2",19,"Locus 31",0.65124149371627,0.244521630854175,0,0.895763124570445
"ENSG00000125753","VASP",19,"Locus 31",0.602895648088813,0.356980773484284,0,0.959876421573097
"ENSG00000010310","GIPR",19,"Locus 31",0.385746494824379,0.118996813329947,0,0.504743308154326
"ENSG00000170604","IRF2BP1",19,"Locus 31",0.230226405536314,0,0,0.230226405536314
"ENSG00000185800","DMWD",19,"Locus 31",0.230135451706591,0.134874949824283,0,0.365010401530873
"ENSG00000104983","CCDC61",19,"Locus 31",0,0.287142728412154,0,0.287142728412154
"ENSG00000115977","AAK1",2,"Locus 32",1,0.214299896684828,0,1.21429989668483
"ENSG00000116001","TIA1",2,"Locus 32",0.832730091996806,0.586739312600749,0,1.41946940459756
"ENSG00000087338","GMCL1",2,"Locus 32",0.676497635730408,0.158704892158479,0,0.835202527888887
"ENSG00000115998","C2orf42",2,"Locus 32",0.250131596199861,0.622445305217248,0,0.872576901417109
"ENSG00000163235","TGFA",2,"Locus 32",0.124517622858103,1,0,1.1245176228581
"ENSG00000059728","MXD1",2,"Locus 32",0.0915088818227678,0.653237937869554,0,0.744746819692321
"ENSG00000196975","ANXA4",2,"Locus 32",0.0798085192698163,0.580984623875564,0,0.66079314314538
"ENSG00000035141","FAM136A",2,"Locus 32",0.0546509358650083,0.681472931088444,0,0.736123866953452
"ENSG00000124380","SNRNP27",2,"Locus 32",0.0289350785407234,0,0,0.0289350785407234
"ENSG00000169564","PCBP1",2,"Locus 32",0,0.360691101097429,0,0.360691101097429
"ENSG00000135956","TMEM127",2,"Locus 33",1,0.619657133584022,0,1.61965713358402
"ENSG00000084090","STARD7",2,"Locus 33",0.930705852994631,0.779249000332166,0,1.7099548533268
"ENSG00000144028","SNRNP200",2,"Locus 33",0.688588367474896,0.205362327292643,0,0.89395069476754
"ENSG00000121152","NCAPH",2,"Locus 33",0.587228043270866,0.801435667539765,0,1.38866371081063
"ENSG00000196843","ARID5A",2,"Locus 33",0.565782299344794,1,0,1.56578229934479
"ENSG00000186281","GPAT2",2,"Locus 33",0.330683572546316,0,0,0.330683572546316
"ENSG00000198885","ITPRIPL1",2,"Locus 33",0.25891176677486,0.685735367576024,0,0.944647134350884
"ENSG00000144021","CIAO1",2,"Locus 33",0.135677586282414,NA,0,NA
"ENSG00000188886","ASTL",2,"Locus 33",0.00335267796500794,NA,0,NA
"ENSG00000174501","ANKRD36C",2,"Locus 33",0,0.000902680402960591,0,0.000902680402960591
"ENSG00000115616","SLC9A2",2,"Locus 34",1,1,0,2
"ENSG00000115607","IL18RAP",2,"Locus 34",0.204937286573775,0.231663654457688,0,0.436600941031463
"ENSG00000115602","IL1RL1",2,"Locus 34",0.14013873808379,0.782789229255794,0,0.922927967339584
"ENSG00000115604","IL18R1",2,"Locus 34",0.0402774363444357,0.143030358490998,0,0.183307794835433
"ENSG00000170417","TMEM182",2,"Locus 34",0.0221346201880959,0.572613300999748,0,0.594747921187844
"ENSG00000135953","MFSD9",2,"Locus 34",0.016100054571642,0,0,0.016100054571642
"ENSG00000180251","SLC9A4",2,"Locus 34",0,0.388963876369793,0,0.388963876369793
"ENSG00000079156","OSBPL6",2,"Locus 35",1,1,0,2
"ENSG00000163492","CCDC141",2,"Locus 35",0.664570744220208,0,0,0.664570744220208
"ENSG00000116095","PLEKHA3",2,"Locus 35",0.358565454114244,0.694166644323493,0,1.05273209843774
"ENSG00000180228","PRKRA",2,"Locus 35",0.341502485285167,0.636789375374248,0,0.978291860659415
"ENSG00000155657","TTN",2,"Locus 35",0.248099446279189,0.633393213037688,0,0.881492659316877
"ENSG00000128655","PDE11A",2,"Locus 35",0.18291188289291,0.287565577213538,0,0.470477460106448
"ENSG00000155636","RBM45",2,"Locus 35",0.166960964784509,0.556264578920556,0,0.723225543705065
"ENSG00000079150","FKBP7",2,"Locus 35",0.082045531137618,0.182409666550482,0,0.2644551976881
"ENSG00000204311","PJVK",2,"Locus 35",0,0.319695060371254,0,0.319695060371254
"ENSG00000079156","OSBPL6",2,"Locus 36",1,0.402918966802424,0,1.40291896680242
"ENSG00000187231","SESTD1",2,"Locus 36",0.769549382797727,1,0,1.76954938279773
"ENSG00000163492","CCDC141",2,"Locus 36",0.664570744220208,0,0,0.664570744220208
"ENSG00000116095","PLEKHA3",2,"Locus 36",0.358565454114244,0.279692907119528,0,0.638258361233772
"ENSG00000180228","PRKRA",2,"Locus 36",0.341502485285167,0.256574517196553,0,0.59807700248172
"ENSG00000155657","TTN",2,"Locus 36",0.248099446279189,0.255206138976813,0,0.503305585256002
"ENSG00000079150","FKBP7",2,"Locus 36",0.082045531137618,0.073496314381295,0,0.155541845518913
"ENSG00000204311","PJVK",2,"Locus 36",0,0.128811203416624,0,0.128811203416624
"ENSG00000079156","OSBPL6",2,"Locus 37",1,0.402918966802424,0,1.40291896680242
"ENSG00000187231","SESTD1",2,"Locus 37",0.769549382797727,1,0,1.76954938279773
"ENSG00000163492","CCDC141",2,"Locus 37",0.664570744220208,0,0,0.664570744220208
"ENSG00000116095","PLEKHA3",2,"Locus 37",0.358565454114244,0.279692907119528,0,0.638258361233772
"ENSG00000180228","PRKRA",2,"Locus 37",0.341502485285167,0.256574517196553,0,0.59807700248172
"ENSG00000155657","TTN",2,"Locus 37",0.248099446279189,0.255206138976813,0,0.503305585256002
"ENSG00000079150","FKBP7",2,"Locus 37",0.082045531137618,0.073496314381295,0,0.155541845518913
"ENSG00000204311","PJVK",2,"Locus 37",0,0.128811203416624,0,0.128811203416624
"ENSG00000079156","OSBPL6",2,"Locus 38",1,0.402918966802424,0,1.40291896680242
"ENSG00000187231","SESTD1",2,"Locus 38",0.769549382797727,1,0,1.76954938279773
"ENSG00000163492","CCDC141",2,"Locus 38",0.664570744220208,0,0,0.664570744220208
"ENSG00000116095","PLEKHA3",2,"Locus 38",0.358565454114244,0.279692907119528,0,0.638258361233772
"ENSG00000180228","PRKRA",2,"Locus 38",0.341502485285167,0.256574517196553,0,0.59807700248172
"ENSG00000155657","TTN",2,"Locus 38",0.248099446279189,0.255206138976813,0,0.503305585256002
"ENSG00000079150","FKBP7",2,"Locus 38",0.082045531137618,0.073496314381295,0,0.155541845518913
"ENSG00000204311","PJVK",2,"Locus 38",0,0.128811203416624,0,0.128811203416624
"ENSG00000100991","TRPC4AP",20,"Locus 39",1,1,0,2
"ENSG00000198646","NCOA6",20,"Locus 39",0.91165497510381,0.627762634332801,0,1.53941760943661
"ENSG00000131067","GGT7",20,"Locus 39",0.796764193022947,0.517473446752514,0,1.31423763977546
"ENSG00000131069","ACSS2",20,"Locus 39",0.671995074772864,0.533825234201209,0,1.20582030897407
"ENSG00000125966","MMP24",20,"Locus 39",0.638852195702819,0.777642008960742,0,1.41649420466356
"ENSG00000101019","UQCC1",20,"Locus 39",0.528692115389505,0.455926308863615,0,0.98461842425312
"ENSG00000078747","ITCH",20,"Locus 39",0.472713741566989,0.217279192906601,0,0.68999293447359
"ENSG00000101464","PIGU",20,"Locus 39",0.320905032465064,0.320268195632422,0,0.641173228097486
"ENSG00000088298","EDEM2",20,"Locus 39",0.0539480265152526,0,0,0.0539480265152526
"ENSG00000100983","GSS",20,"Locus 39",0,0.362591408967008,0,0.362591408967008
"ENSG00000099991","CABIN1",22,"Locus 40",1,1,0,2
"ENSG00000100014","SPECC1L",22,"Locus 40",0.811763076797899,0.146969480014728,0,0.958732556812627
"ENSG00000099953","MMP11",22,"Locus 40",0.293784684460975,NA,0,NA
"ENSG00000099956","SMARCB1",22,"Locus 40",0.227989422624965,0.0954849036533977,0,0.323474326278363
"ENSG00000099998","GGT5",22,"Locus 40",0.181201633437223,0,0,0.181201633437223
"ENSG00000133460","SLC2A11",22,"Locus 40",0.148245460351801,0.108607269975044,0,0.256852730326845
"ENSG00000187792","ZNF70",22,"Locus 40",0.0733769978117762,0.205166100724134,0,0.27854309853591
"ENSG00000250479","CHCHD10",22,"Locus 40",0.0132407399811977,NA,0,NA
"ENSG00000099994","SUSD2",22,"Locus 40",0.00104087897779624,0.37843912367549,0,0.379480002653286
"ENSG00000169314","C22orf15",22,"Locus 40",0,0.143325798797202,0,0.143325798797202
"ENSG00000131389","SLC6A6",3,"Locus 41",1,0.497543563368389,0,1.49754356336839
"ENSG00000170876","TMEM43",3,"Locus 41",0.770713188846739,0.420588009518692,0,1.19130119836543
"ENSG00000154781","CCDC174",3,"Locus 41",0.704828092605039,0.276924848391802,0,0.98175294099684
"ENSG00000154767","XPC",3,"Locus 41",0.549082170332602,0.735357334766255,0,1.28443950509886
"ENSG00000163528","CHCHD4",3,"Locus 41",0.340456241369568,0.545252168572964,0,0.885708409942532
"ENSG00000154764","WNT7A",3,"Locus 41",0.32169033526163,0,0,0.32169033526163
"ENSG00000170860","LSM3",3,"Locus 41",0.297040772332106,1,0,1.29704077233211
"ENSG00000180438","TPRXL",3,"Locus 41",0.0305036186497832,NA,0,NA
"ENSG00000131379","C3orf20",3,"Locus 41",0,0.0894680279419666,0,0.0894680279419666
"ENSG00000131389","SLC6A6",3,"Locus 42",1,0.497543563368389,0,1.49754356336839
"ENSG00000170876","TMEM43",3,"Locus 42",0.770713188846739,0.420588009518692,0,1.19130119836543
"ENSG00000154781","CCDC174",3,"Locus 42",0.704828092605039,0.276924848391802,0,0.98175294099684
"ENSG00000154767","XPC",3,"Locus 42",0.549082170332602,0.735357334766255,0,1.28443950509886
"ENSG00000163528","CHCHD4",3,"Locus 42",0.340456241369568,0.545252168572964,0,0.885708409942532
"ENSG00000154764","WNT7A",3,"Locus 42",0.32169033526163,0,0,0.32169033526163
"ENSG00000170860","LSM3",3,"Locus 42",0.297040772332106,1,0,1.29704077233211
"ENSG00000180438","TPRXL",3,"Locus 42",0.0305036186497832,NA,0,NA
"ENSG00000131379","C3orf20",3,"Locus 42",0,0.0894680279419666,0,0.0894680279419666
"ENSG00000157388","CACNA1D",3,"Locus 43",1,0.695277556095841,0,1.69527755609584
"ENSG00000163932","PRKCD",3,"Locus 43",0.747222798422852,1,0,1.74722279842285
"ENSG00000163935","SFMBT1",3,"Locus 43",0.652713133020902,0.839043447597483,0,1.49175658061839
"ENSG00000163933","RFT1",3,"Locus 43",0.544328611429802,0.998260054564689,0,1.54258866599449
"ENSG00000163931","TKT",3,"Locus 43",0.474879639131374,0.389126037007479,0,0.864005676138853
"ENSG00000113812","ACTR8",3,"Locus 43",0.44157078127601,0.266633878361575,0,0.708204659637584
"ENSG00000113811","SELENOK",3,"Locus 43",0.398604555383523,0,0,0.398604555383523
"ENSG00000056736","IL17RB",3,"Locus 43",0.11252164551439,0.261643714853102,0,0.374165360367492
"ENSG00000016391","CHDH",3,"Locus 43",0,0.0211971752565839,0,0.0211971752565839
"ENSG00000121440","PDZRN3",3,"Locus 44",1,1,1,3
"ENSG00000163605","PPP4R2",3,"Locus 44",0.517039772208887,0,0,0.517039772208887
"ENSG00000255423","EBLN2",3,"Locus 44",0,0.161168023729779,0,0.161168023729779
"ENSG00000144824","PHLDB2",3,"Locus 45",1,0.408420309653147,1,2.40842030965315
"ENSG00000091972","CD200",3,"Locus 45",0.745945614937159,0,0,0.745945614937159
"ENSG00000144834","TAGLN3",3,"Locus 45",0.445405973480813,0.478716200813561,0,0.924122174294375
"ENSG00000144827","ABHD10",3,"Locus 45",0.390583278140962,0.396870372215308,0,0.78745365035627
"ENSG00000240891","PLCXD2",3,"Locus 45",0.365340043033332,0.696324451926763,0,1.06166449496009
"ENSG00000176040","TMPRSS7",3,"Locus 45",0.332469505162247,0.447730623038073,0,0.780200128200319
"ENSG00000114529","C3orf52",3,"Locus 45",0.0380730187573446,0.200217490049999,0,0.238290508807344
"ENSG00000174500","GCSAM",3,"Locus 45",0.00833263408727847,0.261167050257425,0,0.269499684344704
"ENSG00000153283","CD96",3,"Locus 45",0.000803161388156363,1,0,1.00080316138816
"ENSG00000177494","ZBED2",3,"Locus 45",0,0.639131998561324,0,0.639131998561324
"ENSG00000154928","EPHB1",3,"Locus 46",1,0.16548643218041,0,1.16548643218041
"ENSG00000163785","RYK",3,"Locus 46",0.632485305414603,0.53387565595677,0,1.16636096137137
"ENSG00000182923","CEP63",3,"Locus 46",0.311262456069049,1,0,1.31126245606905
"ENSG00000114019","AMOTL2",3,"Locus 46",0.205216878885587,0.741167749361113,0,0.946384628246699
"ENSG00000129055","ANAPC13",3,"Locus 46",0.074255708210485,0.96504164959716,0,1.03929735780764
"ENSG00000174611","KY",3,"Locus 46",0,0,0,0
"ENSG00000174891","RSRC1",3,"Locus 47",1,1,0,2
"ENSG00000168827","GFM1",3,"Locus 47",0.533680555808731,0.0775665707331859,0,0.611247126541916
"ENSG00000118855","MFSD1",3,"Locus 47",0.203347104280337,0.0116305590651137,0,0.214977663345451
"ENSG00000079257","LXN",3,"Locus 47",0.178061838439278,0,0,0.178061838439278
"ENSG00000168779","SHOX2",3,"Locus 47",0.153838344760165,0.447852300452858,0,0.601690645213023
"ENSG00000178053","MLF1",3,"Locus 47",0.0427855797495908,0.42962093770726,0,0.472406517456851
"ENSG00000214216","IQCJ",3,"Locus 47",0.0240594269233066,0.180909137288914,0,0.20496856421222
"ENSG00000118849","RARRES1",3,"Locus 47",0,0.146757218269176,0,0.146757218269176
"ENSG00000169744","LDB2",4,"Locus 48",1,0.0974325188691314,0,1.09743251886913
"ENSG00000118564","FBXL5",4,"Locus 48",0.506924449044693,0.276563899194064,0,0.783488348238757
"ENSG00000048342","CC2D2A",4,"Locus 48",0.424751758821581,0.212186260713829,0,0.63693801953541
"ENSG00000169762","TAPT1",4,"Locus 48",0.327781744563202,0.269996162210567,0,0.597777906773769
"ENSG00000004468","CD38",4,"Locus 48",0.173529808224428,0.0382051938083664,0,0.211735002032794
"ENSG00000137440","FGFBP1",4,"Locus 48",0.119848380496521,0,0,0.119848380496521
"ENSG00000237765","FAM200B",4,"Locus 48",0.0692697886935201,0.0882346168606882,0,0.157504405554208
"ENSG00000137441","FGFBP2",4,"Locus 48",0.041883260018429,0.0335154151208904,0,0.0753986751393193
"ENSG00000109743","BST1",4,"Locus 48",0.00384557238316413,0.127058974030958,0,0.130904546414122
"ENSG00000007062","PROM1",4,"Locus 48",0,1,0,1
"ENSG00000169744","LDB2",4,"Locus 49",1,0.0974325188691314,0,1.09743251886913
"ENSG00000118564","FBXL5",4,"Locus 49",0.506924449044693,0.276563899194064,0,0.783488348238757
"ENSG00000048342","CC2D2A",4,"Locus 49",0.424751758821581,0.212186260713829,0,0.63693801953541
"ENSG00000169762","TAPT1",4,"Locus 49",0.327781744563202,0.269996162210567,0,0.597777906773769
"ENSG00000004468","CD38",4,"Locus 49",0.173529808224428,0.0382051938083664,0,0.211735002032794
"ENSG00000137440","FGFBP1",4,"Locus 49",0.119848380496521,0,0,0.119848380496521
"ENSG00000237765","FAM200B",4,"Locus 49",0.0692697886935201,0.0882346168606882,0,0.157504405554208
"ENSG00000137441","FGFBP2",4,"Locus 49",0.041883260018429,0.0335154151208904,0,0.0753986751393193
"ENSG00000109743","BST1",4,"Locus 49",0.00384557238316413,0.127058974030958,0,0.130904546414122
"ENSG00000007062","PROM1",4,"Locus 49",0,1,0,1
"ENSG00000109320","NFKB1",4,"Locus 50",1,0.691402774719225,0,1.69140277471922
"ENSG00000109332","UBE2D3",4,"Locus 50",0.892567997451103,0.250354547456507,0,1.14292254490761
"ENSG00000109323","MANBA",4,"Locus 50",0.828697502260011,1,0,1.82869750226001
"ENSG00000138778","CENPE",4,"Locus 50",0.765617573862113,0.479449020039639,0,1.24506659390175
"ENSG00000164038","SLC9B2",4,"Locus 50",0.471968269449062,0,0,0.471968269449062
"ENSG00000145354","CISD2",4,"Locus 50",0.304900264736444,0.680761946707774,0,0.985662211444218
"ENSG00000164039","BDH2",4,"Locus 50",0.134133909221083,0.48862144902004,0,0.622755358241122
"ENSG00000164037","SLC9B1",4,"Locus 50",0,0.163351684650958,0,0.163351684650958
"ENSG00000072364","AFF4",5,"Locus 51",1,0.291190091250377,0,1.29119009125038
"ENSG00000131437","KIF3A",5,"Locus 51",0.634977508905753,0.487432658318034,0,1.12241016722379
"ENSG00000113522","RAD50",5,"Locus 51",0.63194816373935,0.671216397665306,0,1.30316456140466
"ENSG00000170606","HSPA4",5,"Locus 51",0.573113613050537,0.21049790370756,0,0.783611516758097
"ENSG00000164402","SEPTIN8",5,"Locus 51",0.531540615287859,0.391061299427287,0,0.922601914715146
"ENSG00000155329","ZCCHC10",5,"Locus 51",0.187597210917117,0.513764283561231,0,0.701361494478348
"ENSG00000164403","SHROOM1",5,"Locus 51",0.16912518281984,1,0,1.16912518281984
"ENSG00000053108","FSTL4",5,"Locus 51",0.131272697501197,0.411484394267394,0,0.542757091768591
"ENSG00000113520","IL4",5,"Locus 51",0.126146346445316,0.766420957443893,0,0.892567303889209
"ENSG00000169194","IL13",5,"Locus 51",0,0,0,0
"ENSG00000158458","NRG2",5,"Locus 52",1,0.335510211850696,0,1.3355102118507
"ENSG00000146005","PSD2",5,"Locus 52",0.952870739529792,0.537735310352704,0,1.4906060498825
"ENSG00000044115","CTNNA1",5,"Locus 52",0.786165606167777,1,0,1.78616560616778
"ENSG00000120725","SIL1",5,"Locus 52",0.73945764895506,0.327649085406475,0,1.06710673436154
"ENSG00000015479","MATR3",5,"Locus 52",0.676001562993245,0.136715076993357,0,0.812716639986602
"ENSG00000120727","PAIP2",5,"Locus 52",0.627637811501143,0,0,0.627637811501143
"ENSG00000131508","UBE2D2",5,"Locus 52",0.554250251296591,0.0750176066391305,0,0.629267857935722
"ENSG00000171604","CXXC5",5,"Locus 52",0.437462193475936,0.259558025772313,0,0.697020219248249
"ENSG00000170464","DNAJC18",5,"Locus 52",0.402027742035832,0.123623351162038,0,0.52565109319787
"ENSG00000170469","SPATA24",5,"Locus 52",0,0.284706016712031,0,0.284706016712031
"ENSG00000145817","YIPF5",5,"Locus 53",1,0.204492998922911,0,1.20449299892291
"ENSG00000183775","KCTD16",5,"Locus 53",0.0892665184528187,0,0,0.0892665184528187
"ENSG00000158497","HMHB1",5,"Locus 53",0,1,0,1
"ENSG00000137343","ATAT1",6,"Locus 54",1,0.589729886499539,0,1.58972988649954
"ENSG00000204569","PPP1R10",6,"Locus 54",0.765142209043815,0.716786532451747,0,1.48192874149556
"ENSG00000137312","FLOT1",6,"Locus 54",0.60321083956193,0.897546526064698,0,1.50075736562663
"ENSG00000137337","MDC1",6,"Locus 54",0.467121188182298,0.718383294609135,0,1.18550448279143
"ENSG00000204564","C6orf136",6,"Locus 54",0.323095576344151,0.727442475828606,0,1.05053805217276
"ENSG00000196230","TUBB",6,"Locus 54",0.307946012831697,1,0,1.3079460128317
"ENSG00000204574","ABCF1",6,"Locus 54",0.288128397715881,0.309947828240531,0,0.598076225956412
"ENSG00000213780","GTF2H4",6,"Locus 54",0.160190469543078,0.13909753609823,0,0.299288005641308
"ENSG00000204568","MRPS18B",6,"Locus 54",0.0166304694923564,0.386318681139632,0,0.402949150631988
"ENSG00000204576","PRR3",6,"Locus 54",0,0,0,0
"ENSG00000204310","AGPAT1",6,"Locus 55",1,0.851044742645685,0,1.85104474264568
"ENSG00000204304","PBX2",6,"Locus 55",0.922270275325602,NA,0,NA
"ENSG00000204308","RNF5",6,"Locus 55",0.855526481441276,1,0,1.85552648144128
"ENSG00000204256","BRD2",6,"Locus 55",0.829177751020364,0,0,0.829177751020364
"ENSG00000204301","NOTCH4",6,"Locus 55",0.400467577648009,NA,0,NA
"ENSG00000204296","TSBP1",6,"Locus 55",0.332882043984265,NA,0,NA
"ENSG00000204290","BTNL2",6,"Locus 55",0.121336187900793,NA,0,NA
"ENSG00000204257","HLA-DMA",6,"Locus 55",0.0759517269945165,0.298466527118454,0,0.374418254112971
"ENSG00000204305","AGER",6,"Locus 55",0.0298681357080244,0.687184614809554,0,0.717052750517579
"ENSG00000168394","TAP1",6,"Locus 55",0,0.0391568235338093,0,0.0391568235338093
"ENSG00000124772","CPNE5",6,"Locus 56",1,0.210673701125671,0,1.21067370112567
"ENSG00000112079","STK38",6,"Locus 56",0.933587620242959,0.270017259281854,0,1.20360487952481
"ENSG00000198663","C6orf89",6,"Locus 56",0.880475660366296,0,0,0.880475660366296
"ENSG00000137409","MTCH1",6,"Locus 56",0.718317039207511,0.069642151871603,0,0.787959191079114
"ENSG00000112078","KCTD20",6,"Locus 56",0.686848318501766,0.280935605786065,0,0.96778392428783
"ENSG00000112081","SRSF3",6,"Locus 56",0.494587143725352,0.67806962703595,0,1.1726567707613
"ENSG00000146192","FGD2",6,"Locus 56",0.338224707014265,0.259819825965355,0,0.598044532979621
"ENSG00000096070","BRPF3",6,"Locus 56",0.309563767066562,0.20739470888479,0,0.516958475951352
"ENSG00000137168","PPIL1",6,"Locus 56",0.286410092778581,0.215092201308419,0,0.501502294087
"ENSG00000124762","CDKN1A",6,"Locus 56",0,1,0,1
"ENSG00000112182","BACH2",6,"Locus 57",1,0,0,1
"ENSG00000135341","MAP3K7",6,"Locus 57",0,1,0,1
"ENSG00000152661","GJA1",6,"Locus 58",0,0,0,0
"ENSG00000164597","COG5",7,"Locus 60",1,1,0,2
"ENSG00000105856","HBP1",7,"Locus 60",0.756379891383737,0.446870986788693,0,1.20325087817243
"ENSG00000005249","PRKAR2B",7,"Locus 60",0.732520018837443,0.236674293305779,0,0.969194312143222
"ENSG00000105835","NAMPT",7,"Locus 60",0.434984640090976,0.713506531847369,0,1.14849117193834
"ENSG00000253276","CCDC71L",7,"Locus 60",0.0383578975956998,0,0,0.0383578975956998
"ENSG00000105851","PIK3CG",7,"Locus 60",0,0.133537530445051,0,0.133537530445051
"ENSG00000158467","AHCYL2",7,"Locus 61",1,0.184147565605259,0,1.18414756560526
"ENSG00000128602","SMO",7,"Locus 61",0.852905789541423,0,0,0.852905789541423
"ENSG00000128595","CALU",7,"Locus 61",0.653541481760827,0.749692445866699,0,1.40323392762753
"ENSG00000064419","TNPO3",7,"Locus 61",0.463294941658203,0.398265621108402,0,0.861560562766606
"ENSG00000158457","TSPAN33",7,"Locus 61",0.463202874962796,0.832260353064598,0,1.29546322802739
"ENSG00000106348","IMPDH1",7,"Locus 61",0.455649956226088,1,0,1.45564995622609
"ENSG00000224940","PRRT4",7,"Locus 61",0.262247028812545,0.369627236843098,0,0.631874265655644
"ENSG00000128596","CCDC136",7,"Locus 61",0.257184306958331,0.402356279764825,0,0.659540586723156
"ENSG00000128604","IRF5",7,"Locus 61",0.0860298546792308,0.367551718152109,0,0.45358157283134
"ENSG00000128591","FLNC",7,"Locus 61",0,0.621429164433912,0,0.621429164433912
"ENSG00000147324","MFHAS1",8,"Locus 62",1,0,0,1
"ENSG00000253958","CLDN23",8,"Locus 62",0.102004092764364,1,0,1.10200409276436
"ENSG00000176797","DEFB103A",8,"Locus 62",0.0901440739023705,NA,0,NA
"ENSG00000178287","SPAG11A",8,"Locus 62",0.0901440739023705,NA,0,NA
"ENSG00000215356","ZNF705B",8,"Locus 62",0.0901440739023705,NA,0,NA
"ENSG00000171711","DEFB4A",8,"Locus 62",0,NA,0,NA
"ENSG00000173273","TNKS",8,"Locus 63",1,0.761571270601864,0,1.76157127060186
"ENSG00000147324","MFHAS1",8,"Locus 63",0.992766876484607,0.239113264177769,0,1.23188014066238
"ENSG00000104626","ERI1",8,"Locus 63",0.212088843338064,1,0,1.21208884333806
"ENSG00000173281","PPP1R3B",8,"Locus 63",0,0,0,0
"ENSG00000171044","XKR6",8,"Locus 64",1,0.828993134821481,0,1.82899313482148
"ENSG00000164733","CTSB",8,"Locus 64",0.890356956956822,0.941074576149246,0,1.83143153310607
"ENSG00000079459","FDFT1",8,"Locus 64",0.474564646544682,0.93242738434208,0,1.40699203088676
"ENSG00000154319","FAM167A",8,"Locus 64",0.408848178158295,1,0,1.4088481781583
"ENSG00000104643","MTMR9",8,"Locus 64",0.383405688524103,0.741248350115803,0,1.12465403863991
"ENSG00000154328","NEIL2",8,"Locus 64",0.0680271141375877,0.904714864038474,0,0.972741978176062
"ENSG00000136574","GATA4",8,"Locus 64",0.0670831175965191,0.798776387770519,0,0.865859505367038
"ENSG00000184608","FAM167A-AS1",8,"Locus 64",0.029164644353832,NA,0,NA
"ENSG00000177710","SLC35G5",8,"Locus 64",0.00445846944882371,0.557914048296987,0,0.562372517745811
"ENSG00000205884","DEFB136",8,"Locus 64",0,0,0,0
"ENSG00000164733","CTSB",8,"Locus 65",1,0.904128399063569,0,1.90412839906357
"ENSG00000079459","FDFT1",8,"Locus 65",0.530654678526714,0.890059427336575,0,1.42071410586329
"ENSG00000154319","FAM167A",8,"Locus 65",0.456474093151469,1,0,1.45647409315147
"ENSG00000104643","MTMR9",8,"Locus 65",0.427754674399823,0.579011345218801,0,1.00676601961862
"ENSG00000186523","FAM86B1",8,"Locus 65",0.262894899151337,0,0,0.262894899151337
"ENSG00000223443","USP17L2",8,"Locus 65",0.08298651987699,NA,0,NA
"ENSG00000154328","NEIL2",8,"Locus 65",0.0717561273499636,0.844971186745903,0,0.916727314095867
"ENSG00000136574","GATA4",8,"Locus 65",0.0706905464122152,0.672609400324149,0,0.743299946736364
"ENSG00000184608","FAM167A-AS1",8,"Locus 65",0.0278882685244287,NA,0,NA
"ENSG00000177710","SLC35G5",8,"Locus 65",0,0.280726634251756,0,0.280726634251756
"ENSG00000164733","CTSB",8,"Locus 66",1,0.904128399063569,0,1.90412839906357
"ENSG00000079459","FDFT1",8,"Locus 66",0.530654678526714,0.890059427336575,0,1.42071410586329
"ENSG00000154319","FAM167A",8,"Locus 66",0.456474093151469,1,0,1.45647409315147
"ENSG00000104643","MTMR9",8,"Locus 66",0.427754674399823,0.579011345218801,0,1.00676601961862
"ENSG00000186523","FAM86B1",8,"Locus 66",0.262894899151337,0,0,0.262894899151337
"ENSG00000223443","USP17L2",8,"Locus 66",0.08298651987699,NA,0,NA
"ENSG00000154328","NEIL2",8,"Locus 66",0.0717561273499636,0.844971186745903,0,0.916727314095867
"ENSG00000136574","GATA4",8,"Locus 66",0.0706905464122152,0.672609400324149,0,0.743299946736364
"ENSG00000184608","FAM167A-AS1",8,"Locus 66",0.0278882685244287,NA,0,NA
"ENSG00000177710","SLC35G5",8,"Locus 66",0,0.280726634251756,0,0.280726634251756
"ENSG00000164733","CTSB",8,"Locus 67",1,0.937864729225023,1,2.93786472922502
"ENSG00000079459","FDFT1",8,"Locus 67",0.530654678526714,0.92874649859944,0,1.45940117712615
"ENSG00000154319","FAM167A",8,"Locus 67",0.456474093151469,1,0,1.45647409315147
"ENSG00000186523","FAM86B1",8,"Locus 67",0.262894899151337,0.351890756302521,0,0.614785655453858
"ENSG00000223443","USP17L2",8,"Locus 67",0.08298651987699,NA,0,NA
"ENSG00000154328","NEIL2",8,"Locus 67",0.0717561273499636,0.89952439309057,0,0.971280520440533
"ENSG00000136574","GATA4",8,"Locus 67",0.0706905464122152,0.78781512605042,0,0.858505672462636
"ENSG00000184608","FAM167A-AS1",8,"Locus 67",0.0278882685244287,NA,0,NA
"ENSG00000215343","ZNF705D",8,"Locus 67",0,0,0,0
"ENSG00000233050","DEFB130B",8,"Locus 67",0,0.0235031512605042,0,0.0235031512605042
"ENSG00000164733","CTSB",8,"Locus 68",1,1,0,2
"ENSG00000079459","FDFT1",8,"Locus 68",0.533004928907066,0.992363744770692,0,1.52536867367776
"ENSG00000145002","FAM86B2",8,"Locus 68",0.266585958728092,0,0,0.266585958728092
"ENSG00000186523","FAM86B1",8,"Locus 68",0.266585958728092,0.509263693943778,0,0.77584965267187
"ENSG00000223443","USP17L2",8,"Locus 68",0.0875784720747491,NA,0,NA
"ENSG00000154328","NEIL2",8,"Locus 68",0.0764043158264296,0.967891074011808,0,1.04429538983824
"ENSG00000136574","GATA4",8,"Locus 68",0.0753440707935888,0.874337783946515,0,0.949681854740103
"ENSG00000215343","ZNF705D",8,"Locus 68",0.00500750784725988,0.214565332134339,0,0.219572839981599
"ENSG00000233050","DEFB130B",8,"Locus 68",0.00500750784725988,0.234248543613403,0,0.239256051460663
"ENSG00000205884","DEFB136",8,"Locus 68",0,0.168945732494038,0,0.168945732494038
"ENSG00000164733","CTSB",8,"Locus 69",1,1,0,2
"ENSG00000079459","FDFT1",8,"Locus 69",0.533004928907066,0.992363744770692,0,1.52536867367776
"ENSG00000145002","FAM86B2",8,"Locus 69",0.266585958728092,0,0,0.266585958728092
"ENSG00000186523","FAM86B1",8,"Locus 69",0.266585958728092,0.509263693943778,0,0.77584965267187
"ENSG00000223443","USP17L2",8,"Locus 69",0.0875784720747491,NA,0,NA
"ENSG00000154328","NEIL2",8,"Locus 69",0.0764043158264296,0.967891074011808,0,1.04429538983824
"ENSG00000136574","GATA4",8,"Locus 69",0.0753440707935888,0.874337783946515,0,0.949681854740103
"ENSG00000215343","ZNF705D",8,"Locus 69",0.00500750784725988,0.214565332134339,0,0.219572839981599
"ENSG00000233050","DEFB130B",8,"Locus 69",0.00500750784725988,0.234248543613403,0,0.239256051460663
"ENSG00000205884","DEFB136",8,"Locus 69",0,0.168945732494038,0,0.168945732494038
"ENSG00000156802","ATAD2",8,"Locus 70",1,0.473874154308588,0,1.47387415430859
"ENSG00000156787","TBC1D31",8,"Locus 70",0.938999130850552,0.526150164639277,0,1.46514929548983
"ENSG00000156804","FBXO32",8,"Locus 70",0.819549837522213,0.604899781615848,0,1.42444961913806
"ENSG00000136986","DERL1",8,"Locus 70",0.760767626612253,1,0,1.76076762661225
"ENSG00000189376","C8orf76",8,"Locus 70",0.697578009370888,0.938181234527069,0,1.63575924389796
"ENSG00000156795","NTAQ1",8,"Locus 70",0.509125769214636,0.935117047096075,0,1.44424281631071
"ENSG00000165156","ZHX1",8,"Locus 70",0.471766335940828,0.184571086716504,0,0.656337422657332
"ENSG00000175946","KLHL38",8,"Locus 70",0.0922777662912713,0.301136667623212,0,0.393414433914483
"ENSG00000147689","FAM83A",8,"Locus 70",0.0200498039827114,0,0,0.0200498039827114
"ENSG00000176853","FAM91A1",8,"Locus 70",0,0.321622949304721,0,0.321622949304721
"ENSG00000170873","MTSS1",8,"Locus 71",1,0.714755896873286,0,1.71475589687329
"ENSG00000156831","NSMCE2",8,"Locus 71",0.689440026648751,0.23432708336835,0,0.923767110017101
"ENSG00000147687","TATDN1",8,"Locus 71",0.481157282637938,0.513596768007677,0,0.994754050645615
"ENSG00000104549","SQLE",8,"Locus 71",0.341071254771059,0.0584255344506973,0,0.399496789221756
"ENSG00000164983","TMEM65",8,"Locus 71",0.282061918978595,0.21177403557453,0,0.493835954553124
"ENSG00000170881","RNF139",8,"Locus 71",0.274144598601949,0.218390207454424,0,0.492534806056373
"ENSG00000164961","WASHC5",8,"Locus 71",0.26016372559878,0.275231222219336,0,0.535394947818116
"ENSG00000180938","ZNF572",8,"Locus 71",0.0489018918774104,0.0123782005540471,0,0.0612800924314575
"ENSG00000147684","NDUFB9",8,"Locus 71",0.0448964037246802,1,0,1.04489640372468
"ENSG00000183665","TRMT12",8,"Locus 71",0,0,0,0
"ENSG00000170873","MTSS1",8,"Locus 72",1,0.714755896873286,0,1.71475589687329
"ENSG00000156831","NSMCE2",8,"Locus 72",0.689440026648751,0.23432708336835,0,0.923767110017101
"ENSG00000147687","TATDN1",8,"Locus 72",0.481157282637938,0.513596768007677,0,0.994754050645615
"ENSG00000104549","SQLE",8,"Locus 72",0.341071254771059,0.0584255344506973,0,0.399496789221756
"ENSG00000164983","TMEM65",8,"Locus 72",0.282061918978595,0.21177403557453,0,0.493835954553124
"ENSG00000170881","RNF139",8,"Locus 72",0.274144598601949,0.218390207454424,0,0.492534806056373
"ENSG00000164961","WASHC5",8,"Locus 72",0.26016372559878,0.275231222219336,0,0.535394947818116
"ENSG00000180938","ZNF572",8,"Locus 72",0.0489018918774104,0.0123782005540471,0,0.0612800924314575
"ENSG00000147684","NDUFB9",8,"Locus 72",0.0448964037246802,1,0,1.04489640372468
"ENSG00000183665","TRMT12",8,"Locus 72",0,0,0,0
"ENSG00000185189","NRBP2",8,"Locus 73",1,0.477287669595362,0,1.47728766959536
"ENSG00000179832","MROH1",8,"Locus 73",0.91276749293902,1,0,1.91276749293902
"ENSG00000104529","EEF1D",8,"Locus 73",0.631965181138053,0.923580692811462,0,1.55554587394952
"ENSG00000178209","PLEC",8,"Locus 73",0.557425525688112,0.712193789116866,0,1.26961931480498
"ENSG00000071894","CPSF1",8,"Locus 73",0.336499813816718,0,0,0.336499813816718
"ENSG00000185000","DGAT1",8,"Locus 73",0.331336241256756,0.281030934877089,0,0.612367176133844
"ENSG00000185122","HSF1",8,"Locus 73",0.323939924492129,0.557233364925673,0,0.881173289417801
"ENSG00000014164","ZC3H3",8,"Locus 73",0.228421633066163,0.943347251039559,0,1.17176888410572
"ENSG00000179950","PUF60",8,"Locus 73",0.0849204759583718,0.623893200816278,0,0.70881367677465
"ENSG00000180900","SCRIB",8,"Locus 73",0,0.98433190740883,0,0.98433190740883
